0.731428571,261.568,[2] 
0.737233560,261.018,[2] 
0.743038549,260.622,[2] 
0.748843537,260.662,[2] 
0.754648526,261.339,[2] 
0.760453515,263.112,[2] 
0.766258503,263.913,[2] 
0.772063492,265.085,[2] 
0.777868481,258.264,[2] 
0.783673469,259.357,[2] 
0.789478458,259.946,[2] 
0.795283447,260.63,[2] 
0.801088435,261.197,[2] 
0.806893424,261.617,[2] 
0.812698413,270.269,[2] 
0.818503401,270.776,[2] 
0.824308390,271.215,[2] 
0.830113379,271.209,[2] 
0.835918367,262.979,[2] 
0.841723356,262.466,[2] 
0.847528345,269.635,[2] 
0.853333333,268.896,[2] 
0.859138322,268.49,[2] 
0.864943311,260.229,[2] 
0.870748299,260.189,[2] 
0.876553288,260.132,[2] 
0.882358277,267.326,[2] 
0.888163265,266.96,[2] 
0.893968254,266.414,[2] 
0.899773243,258.968,[2] 
0.905578231,258.557,[2] 
0.911383220,265.799,[2] 
0.917188209,266.051,[2] 
0.922993197,266.19,[2] 
0.928798186,266.921,66.7302
0.934603175,267.043,66.7608
0.940408163,267.415,66.8538
0.946213152,271.365,67.8414
0.952018141,0
0.957823129,280.987,70.2468
0.963628118,281.566,70.3914
0.969433107,281.935,70.4837
0.975238095,282.524,70.6311
0.981043084,279.976,69.994
0.986848073,279.873,69.9682
0.992653061,280.624,70.1559
0.998458050,0
1.004263039,0
1.010068027,289.162,144.581
1.015873016,288.353,144.176
1.021678005,280.83,140.415
1.027482993,279.661,139.83
1.033287982,279.305,139.653
1.039092971,277.214,138.607
1.044897959,289.159,144.579
1.050702948,0
1.056507937,0
1.062312925,271.867,[2] 
1.068117914,272.805,[2] 
1.073922902,271.277,[2] 
1.079727891,271.41,[2] 
1.085532880,271.599,[2] 
1.091337868,272.708,[2] 
1.097142857,259.286,[2] 
1.102947846,260.506,[2] 
1.108752834,261.509,[2] 
1.114557823,265.465,[2] 
1.120362812,266.322,[2] 
1.126167800,273.201,[2] 
1.131972789,274.457,[2] 
1.137777778,275.063,[2] 
1.143582766,270.748,[2] 
1.149387755,272.136,[2] 
1.155192744,272.605,[2] 
1.160997732,265.074,66.2684
1.166802721,273.487,68.3718
1.172607710,273.578,68.3945
1.178412698,272.895,68.2238
1.184217687,0
1.190022676,0
1.195827664,270.442,67.6105
1.201632653,269.762,67.4406
1.207437642,265.856,66.464
1.213242630,265.623,66.4058
1.219047619,265.393,66.3483
1.224852608,264.699,66.1747
1.230657596,264.563,66.1408
1.236462585,262.637,65.6592
1.242267574,260.704,65.176
1.248072562,253.702,63.4256
1.253877551,254.756,63.6889
1.259682540,257.637,64.4094
1.265487528,263.247,65.8116
1.271292517,264.978,66.2444
1.277097506,265.445,66.3611
1.282902494,266.022,66.5054
1.288707483,274.303,68.5756
1.294512472,266.538,66.6346
1.300317460,274.914,68.7286
1.306122449,275.355,68.8387
1.311927438,261.808,65.452
1.317732426,262.63,65.6576
1.323537415,270.693,67.6732
1.329342404,271.44,67.8599
1.335147392,271.824,67.956
1.340952381,271.656,67.914
1.346757370,271.443,67.8608
1.352562358,271.393,67.8483
1.358367347,271.54,67.8849
1.364172336,266.32,66.58
1.369977324,245.364,61.3411
1.375782313,244.951,61.2378
1.381587302,243.838,60.9596
1.387392290,250.529,62.6321
1.393197279,245.857,61.4643
1.399002268,247.106,61.7766
1.404807256,246.816,61.7039
1.410612245,246.761,61.6902
1.416417234,245.607,61.4019
1.422222222,250.065,62.5162
1.428027211,249.789,62.4472
1.433832200,240.327,60.0817
1.439637188,240.327,60.0817
1.445442177,240.327,60.0817
1.451247166,240.327,60.0817
1.457052154,240.327,60.0817
1.462857143,241.395,60.3488
1.468662132,247.631,61.9078
1.474467120,247.731,61.9328
1.480272109,247.949,61.9873
1.486077098,247.608,61.902
1.491882086,247.241,61.8103
1.497687075,245.404,61.3511
1.503492063,0,0
1.509297052,275.55,68.8875
1.515102041,289.361,72.3402
1.520907029,281.292,70.3231
1.526712018,289.656,72.4139
1.532517007,289.71,72.4276
1.538321995,244.578,61.1446
1.544126984,244.49,61.1224
1.549931973,289.296,72.3241
1.555736961,289.056,72.264
1.561541950,285.104,71.276
1.567346939,286.049,71.5123
1.573151927,288.897,72.2241
1.578956916,288.38,72.0951
1.584761905,0
1.590566893,0
1.596371882,0
1.602176871,284.172,71.043
1.607981859,284.01,71.0025
1.613786848,282.419,70.6047
1.619591837,273.886,68.4716
1.625396825,0
1.631201814,269.408,67.3519
1.637006803,272.862,68.2155
1.642811791,273.743,68.4357
1.648616780,274.958,68.7396
1.654421769,240.327,60.0817
1.660226757,240.327,60.0817
1.666031746,240.327,60.0817
1.671836735,276.417,69.1043
1.677641723,276.366,69.0916
1.683446712,275.714,68.9286
1.689251701,240.327,60.0817
1.695056689,240.327,60.0817
1.700861678,240.327,60.0817
1.706666667,277.214,69.3036
1.712471655,289.363,72.3407
1.718276644,291.902,72.9756
1.724081633,0
1.729886621,294.549,73.6372
1.735691610,256.704,64.176
1.741496599,256.532,64.1331
1.747301587,257.715,64.4287
1.753106576,258.414,64.6036
1.758911565,258.631,64.6577
1.764716553,258.827,64.7067
1.770521542,258.972,64.743
1.776326531,258.661,64.6652
1.782131519,259.293,64.8234
1.787936508,260.193,65.0483
1.793741497,260.869,65.2172
1.799546485,261.927,65.4817
1.805351474,262.073,65.5182
1.811156463,263.45,65.8624
1.816961451,263.265,65.8162
1.822766440,262.548,65.6369
1.828571429,0
1.834376417,0
1.840181406,0
1.845986395,0
1.851791383,0
1.857596372,0
1.863401361,0
1.869206349,0
1.875011338,0
1.880816327,0
1.886621315,201.388,[2] 
1.892426304,202.133,[2] 
1.898231293,202.217,[2] 
1.904036281,201.56,[2] 
1.909841270,200.324,[2] 
1.915646259,199.309,[2] 
1.921451247,198.697,[2] 
1.927256236,197.912,[2] 
1.933061224,196.837,[2] 
1.938866213,196.288,[2] 
1.944671202,196.371,[2] 
1.950476190,196.497,[2] 
1.956281179,194.334,[2] 
1.962086168,194.57,[2] 
1.967891156,194.742,[2] 
1.973696145,187.954,[1] 
1.979501134,188.665,[1] 
1.985306122,189.22,[1] 
1.991111111,190.371,[1] 
1.996916100,0
2.002721088,0
2.008526077,197.163,[2] 
2.014331066,197.785,[2] 
2.020136054,198.936,[2] 
2.025941043,201.344,[2] 
2.031746032,202.712,[2] 
2.037551020,203.507,203.507
2.043356009,205.262,205.262
2.049160998,207.167,207.167
2.054965986,207.66,207.66
2.060770975,207.738,207.738
2.066575964,207.436,207.436
2.072380952,206.992,206.992
2.078185941,206.019,206.019
2.083990930,204.237,204.237
2.089795918,203.222,203.222
2.095600907,200.433,200.433
2.101405896,199.224,199.224
2.107210884,194.615,194.615
2.113015873,202.369,202.369
2.118820862,204.039,204.039
2.124625850,203.375,203.375
2.130430839,184.526,184.526
2.136235828,184.147,184.147
2.142040816,184.367,184.367
2.147845805,183.461,183.461
2.153650794,182.968,182.968
2.159455782,184.455,184.455
2.165260771,190.412,190.412
2.171065760,191.981,191.981
2.176870748,192.177,192.177
2.182675737,192.313,192.313
2.188480726,194.932,194.932
2.194285714,196.585,196.585
2.200090703,197.785,197.785
2.205895692,198.846,198.846
2.211700680,199.402,199.402
2.217505669,200.115,200.115
2.223310658,200.534,[1] 
2.229115646,200.456,[1] 
2.234920635,200.531,[1] 
2.240725624,199.356,[1] 
2.246530612,197.907,[1] 
2.252335601,196.639,[1] 
2.258140590,195.576,[1] 
2.263945578,194.922,[1] 
2.269750567,194.901,[1] 
2.275555556,195.56,[1] 
2.281360544,193.738,[1] 
2.287165533,193.105,193.105
2.292970522,191.828,191.828
2.298775510,189.723,189.723
2.304580499,189.71,189.71
2.310385488,189.638,189.638
2.316190476,189.993,189.993
2.321995465,191.36,191.36
2.327800454,0
2.333605442,0
2.339410431,0
2.345215420,0
2.351020408,0
2.356825397,0
2.362630385,0
2.368435374,0
2.374240363,0
2.380045351,0
2.385850340,0
2.391655329,0
2.397460317,0
2.403265306,0
2.409070295,0
2.414875283,0
2.420680272,0
2.426485261,0
2.432290249,0
2.438095238,0
2.443900227,0
2.449705215,0
2.455510204,0
2.461315193,0
2.467120181,0
2.472925170,0
2.478730159,0
2.484535147,0
2.490340136,0
2.496145125,0
2.501950113,0
2.507755102,0
2.513560091,0
2.519365079,0
2.525170068,0
2.530975057,0
2.536780045,0
2.542585034,0
2.548390023,0
2.554195011,0
2.560000000,0
2.565804989,0
2.571609977,0
2.577414966,0
2.583219955,0
2.589024943,0
2.594829932,0
2.600634921,0
2.606439909,0
2.612244898,0
2.618049887,0
2.623854875,0
2.629659864,0
2.635464853,0
2.641269841,0
2.647074830,0
2.652879819,0
2.658684807,0
2.664489796,0
2.670294785,0
2.676099773,0
2.681904762,0
2.687709751,0
2.693514739,0
2.699319728,0
2.705124717,0
2.710929705,0
2.716734694,0
2.722539683,0
2.728344671,0
2.734149660,0
2.739954649,0
2.745759637,0
2.751564626,0
2.757369615,0
2.763174603,215.021
2.768979592,215.27
2.774784580,215.189
2.780589569,214.997
2.786394558,214.675
2.792199546,214.844
2.798004535,215.075
2.803809524,215.61
2.809614512,216.055
2.815419501,215.764
2.821224490,215.653
2.827029478,214.702
2.832834467,214.306
2.838639456,214.412
2.844444444,213.691
2.850249433,210.625
2.856054422,205.334
2.861859410,204.809
2.867664399,204.202
2.873469388,209.268
2.879274376,0
2.885079365,0
2.890884354,0
2.896689342,0
2.902494331,0
2.908299320,0
2.914104308,0
2.919909297,0
2.925714286,0
2.931519274,0
2.937324263,0
2.943129252,0
2.948934240,0
2.954739229,0
2.960544218,0
2.966349206,0
2.972154195,0
2.977959184,0
2.983764172,0
2.989569161,0
2.995374150,0
3.001179138,0
3.006984127,0
3.012789116,0
3.018594104,0
3.024399093,0
3.030204082,0
3.036009070,0
3.041814059,0
3.047619048,0
3.053424036,0
3.059229025,0
3.065034014,0
3.070839002,0
3.076643991,0
3.082448980,0
3.088253968,0
3.094058957,0
3.099863946,0
3.105668934,0
3.111473923,0
3.117278912,0
3.123083900,0
3.128888889,0
3.134693878,0
3.140498866,0
3.146303855,0
3.152108844,0
3.157913832,0
3.163718821,228.723
3.169523810,228.237
3.175328798,227.472
3.181133787,226.559
3.186938776,225.342
3.192743764,224.014
3.198548753,223.128
3.204353741,222.333
3.210158730,221.85
3.215963719,220.926
3.221768707,220.382
3.227573696,220.164
3.233378685,220.171
3.239183673,220.57
3.244988662,220.965
3.250793651,221.213
3.256598639,221.493
3.262403628,221.756
3.268208617,222.173
3.274013605,222.935
3.279818594,223.914
3.285623583,224.908
3.291428571,225.717
3.297233560,225.985
3.303038549,226.098
3.308843537,226.168
3.314648526,226.038
3.320453515,226.249
3.326258503,226.549
3.332063492,226.905
3.337868481,227.342
3.343673469,227.806
3.349478458,228.172
3.355283447,228.139
3.361088435,227.996
3.366893424,227.642
3.372698413,227.561
3.378503401,228.501
3.384308390,231.459
3.390113379,237.15
3.395918367,239.853
3.401723356,241.948
3.407528345,245.533
3.413333333,249.637
3.419138322,254.182
3.424943311,256.647
3.430748299,258.724
3.436553288,261.347
3.442358277,265.167
3.448163265,267.283
3.453968254,268.895
3.459773243,270.115
3.465578231,269.975
3.471383220,269.43
3.477188209,267.93
3.482993197,266.348
3.488798186,263.815
3.494603175,0
3.500408163,0
3.506213152,0
3.512018141,0
3.517823129,0
3.523628118,0
3.529433107,0
3.535238095,0
3.541043084,0
3.546848073,0
3.552653061,0
3.558458050,176.56
3.564263039,175.716
3.570068027,175.857
3.575873016,175.75
3.581678005,176.17
3.587482993,176.806
3.593287982,177.688
3.599092971,179.668
3.604897959,181.141
3.610702948,181.829
3.616507937,182.128
3.622312925,182.082
3.628117914,181.982
3.633922902,182.004
3.639727891,182.177
3.645532880,182.565
3.651337868,183.384
3.657142857,184.204
3.662947846,184.576
3.668752834,185.038
3.674557823,185.294
3.680362812,185.452
3.686167800,185.534
3.691972789,185.408
3.697777778,185.048
3.703582766,184.187
3.709387755,182.964
3.715192744,181.887
3.720997732,180.943
3.726802721,179.922
3.732607710,178.876
3.738412698,178.3
3.744217687,178.601
3.750022676,178.951
3.755827664,179.566
3.761632653,180.278
3.767437642,180.865
3.773242630,181.735
3.779047619,182.968
3.784852608,184.024
3.790657596,185.906
3.796462585,187.833
3.802267574,188.704
3.808072562,189.365
3.813877551,189.778
3.819682540,190.228
3.825487528,190.656
3.831292517,190.739
3.837097506,190.549
3.842902494,190.131
3.848707483,189.516
3.854512472,188.884
3.860317460,187.993
3.866122449,186.865
3.871927438,185.814
3.877732426,184.771
3.883537415,183.542
3.889342404,181.738
3.895147392,180.509
3.900952381,179.562
3.906757370,178.68
3.912562358,178.177
3.918367347,178.165
3.924172336,178.271
3.929977324,178.427
3.935782313,178.772
3.941587302,179.478
3.947392290,180.371
3.953197279,181.351
3.959002268,182.148
3.964807256,182.856
3.970612245,183.862
3.976417234,185.771
3.982222222,186.969
3.988027211,187.761
3.993832200,188.226
3.999637188,188.453
4.005442177,188.491
4.011247166,188.525
4.017052154,188.303
4.022857143,187.729
4.028662132,187.37
4.034467120,186.743
4.040272109,186.228
4.046077098,185.39
4.051882086,184.133
4.057687075,182.753
4.063492063,181.679
4.069297052,180.977
4.075102041,180.351
4.080907029,179.471
4.086712018,178.711
4.092517007,178.085
4.098321995,177.591
4.104126984,177.508
4.109931973,177.869
4.115736961,178.649
4.121541950,179.627
4.127346939,180.875
4.133151927,181.965
4.138956916,182.835
4.144761905,183.211
4.150566893,183.923
4.156371882,186.062
4.162176871,189.912
4.167981859,191.695
4.173786848,192.236
4.179591837,193.04
4.185396825,193.492
4.191201814,193.224
4.197006803,192.818
4.202811791,192.263
4.208616780,191.683
4.214421769,191.037
4.220226757,190.276
4.226031746,189.318
4.231836735,187.857
4.237641723,185.479
4.243446712,183.129
4.249251701,181.696
4.255056689,180.408
4.260861678,179.47
4.266666667,178.383
4.272471655,177.27
4.278276644,177.187
4.284081633,177.442
4.289886621,178.178
4.295691610,179.239
4.301496599,180.419
4.307301587,181.655
4.313106576,182.693
4.318911565,183.547
4.324716553,183.958
4.330521542,187.564
4.336326531,191.563
4.342131519,194.722
4.347936508,196.039
4.353741497,197.137
4.359546485,198.703
4.365351474,198.636
4.371156463,198.417
4.376961451,197.75
4.382766440,196.481
4.388571429,195.182
4.394376417,194.285
4.400181406,189.447
4.405986395,186.8
4.411791383,182.532
4.417596372,180.771
4.423401361,179.652
4.429206349,178.492
4.435011338,177.62
4.440816327,176.395
4.446621315,175.857
4.452426304,176.384
4.458231293,177.44
4.464036281,178.766
4.469841270,180.745
4.475646259,182.613
4.481451247,184.257
4.487256236,186.349
4.493061224,187.175
4.498866213,193.363
4.504671202,194.662
4.510476190,194.874
4.516281179,195.251
4.522086168,195.413
4.527891156,194.95
4.533696145,194.501
4.539501134,193.967
4.545306122,193.306
4.551111111,192.457
4.556916100,190.253
4.562721088,187.852
4.568526077,184.21
4.574331066,182.886
4.580136054,182.203
4.585941043,181.929
4.591746032,182.096
4.597551020,182.222
4.603356009,182.726
4.609160998,183.586
4.614965986,184.911
4.620770975,186.566
4.626575964,187.607
4.632380952,188.112
4.638185941,188.953
4.643990930,189.623
4.649795918,191.129
4.655600907,192.996
4.661405896,194.576
4.667210884,195.918
4.673015873,196.888
4.678820862,197.539
4.684625850,197.897
4.690430839,198.587
4.696235828,198.967
4.702040816,199.06
4.707845805,198.62
4.713650794,197.506
4.719455782,196.733
4.725260771,195.739
4.731065760,195.256
4.736870748,194.693
4.742675737,194.344
4.748480726,194.206
4.754285714,193.372
4.760090703,0
4.765895692,0
4.771700680,0
4.777505669,0
4.783310658,0
4.789115646,0
4.794920635,0
4.800725624,0
4.806530612,0
4.812335601,0
4.818140590,0
4.823945578,0
4.829750567,0
4.835555556,0
4.841360544,0
4.847165533,0
4.852970522,0
4.858775510,0
4.864580499,0
4.870385488,0
4.876190476,0
4.881995465,0
4.887800454,0
4.893605442,0
4.899410431,0
4.905215420,0
4.911020408,0
4.916825397,0
4.922630385,0
4.928435374,0
4.934240363,0
4.940045351,0
4.945850340,0
4.951655329,0
4.957460317,0
4.963265306,0
4.969070295,0
4.974875283,0
4.980680272,0
4.986485261,0
4.992290249,0
4.998095238,0
5.003900227,0
5.009705215,0
5.015510204,0
5.021315193,0
5.027120181,0
5.032925170,0
5.038730159,0
5.044535147,0
5.050340136,0
5.056145125,0
5.061950113,0
5.067755102,0
5.073560091,0
5.079365079,0
5.085170068,0
5.090975057,0
5.096780045,0
5.102585034,0
5.108390023,0
5.114195011,0
5.120000000,0
5.125804989,0
5.131609977,0
5.137414966,0
5.143219955,0
5.149024943,0
5.154829932,0
5.160634921,0
5.166439909,0
5.172244898,0
5.178049887,0
5.183854875,0
5.189659864,0
5.195464853,0
5.201269841,0
5.207074830,0
5.212879819,0
5.218684807,0
5.224489796,0
5.230294785,0
5.236099773,0
5.241904762,0
5.247709751,0
5.253514739,0
5.259319728,0
5.265124717,0
5.270929705,0
5.276734694,0
5.282539683,0
5.288344671,0
5.294149660,0
5.299954649,0
5.305759637,0
5.311564626,0
5.317369615,0
5.323174603,0
5.328979592,0
5.334784580,0
5.340589569,0
5.346394558,0
5.352199546,0
5.358004535,219.934
5.363809524,221.933
5.369614512,222.96
5.375419501,223.672
5.381224490,224.443
5.387029478,224.748
5.392834467,225.106
5.398639456,225.244
5.404444444,225.112
5.410249433,225.151
5.416054422,225.16
5.421859410,225.424
5.427664399,226.052
5.433469388,226.793
5.439274376,227.457
5.445079365,228.074
5.450884354,228.463
5.456689342,228.536
5.462494331,228.58
5.468299320,228.342
5.474104308,228.033
5.479909297,227.77
5.485714286,227.546
5.491519274,227.464
5.497324263,227.511
5.503129252,227.629
5.508934240,227.559
5.514739229,227.868,[2] 
5.520544218,227.98,[2] 
5.526349206,227.669,[2] 
5.532154195,227.925,[2] 
5.537959184,227.876,[2] 
5.543764172,227.686,[2] 
5.549569161,228.148,[2] 
5.555374150,227.832,[2] 
5.561179138,227.342,[2] 
5.566984127,227.66,[2] 
5.572789116,227.323,[2] 
5.578594104,0
5.584399093,0
5.590204082,0
5.596009070,0
5.601814059,0
5.607619048,0
5.613424036,0
5.619229025,0
5.625034014,0
5.630839002,0
5.636643991,0
5.642448980,0
5.648253968,0
5.654058957,0
5.659863946,0
5.665668934,0
5.671473923,0
5.677278912,0
5.683083900,219.842,[1] 
5.688888889,220.268,[1] 
5.694693878,220.408,[1] 
5.700498866,220.266,[1] 
5.706303855,219.918,[1] 
5.712108844,219.871,[1] 
5.717913832,219.878,[1] 
5.723718821,219.895,[1] 
5.729523810,219.969,[1] 
5.735328798,220.101,[1] 
5.741133787,220.118,[1] 
5.746938776,220.116,[1] 
5.752743764,0
5.758548753,0
5.764353741,0
5.770158730,0
5.775963719,0
5.781768707,0
5.787573696,0
5.793378685,0
5.799183673,0
5.804988662,0
5.810793651,0
5.816598639,0
5.822403628,0
5.828208617,0
5.834013605,0
5.839818594,0
5.845623583,0
5.851428571,0
5.857233560,0
5.863038549,0
5.868843537,0
5.874648526,0
5.880453515,0
5.886258503,0
5.892063492,0
5.897868481,229.93
5.903673469,229.581
5.909478458,228.926
5.915283447,228.77
5.921088435,228.686
5.926893424,228.259
5.932698413,228.08
5.938503401,227.523
5.944308390,226.915
5.950113379,226.372
5.955918367,225.815
5.961723356,225.355
5.967528345,224.993
5.973333333,224.879
5.979138322,224.688
5.984943311,224.975
5.990748299,226.137
5.996553288,226.43
6.002358277,0
6.008163265,0
6.013968254,0
6.019773243,0
6.025578231,0
6.031383220,0
6.037188209,0
6.042993197,0
6.048798186,0
6.054603175,0
6.060408163,0
6.066213152,0
6.072018141,0
6.077823129,0
6.083628118,0
6.089433107,0
6.095238095,0
6.101043084,0
6.106848073,0
6.112653061,0
6.118458050,0
6.124263039,0
6.130068027,0
6.135873016,0
6.141678005,0
6.147482993,0
6.153287982,0
6.159092971,0
6.164897959,0
6.170702948,0
6.176507937,0
6.182312925,210.46
6.188117914,210.37
6.193922902,210.07
6.199727891,209.697
6.205532880,209.216
6.211337868,208.512
6.217142857,207.83
6.222947846,207.247
6.228752834,206.696
6.234557823,206.441
6.240362812,206.125
6.246167800,205.79
6.251972789,205.831
6.257777778,205.878
6.263582766,206.15
6.269387755,206.539
6.275192744,206.784
6.280997732,207.125
6.286802721,207.725
6.292607710,208.463
6.298412698,209.206
6.304217687,210.304
6.310022676,212.481
6.315827664,214.562
6.321632653,218.46
6.327437642,221.583
6.333242630,224.328
6.339047619,225.667
6.344852608,227.999
6.350657596,229.862
6.356462585,230.865
6.362267574,231.323
6.368072562,231.604
6.373877551,231.37
6.379682540,230.791
6.385487528,229.263
6.391292517,227.717
6.397097506,226.361
6.402902494,225.256
6.408707483,225.325
6.414512472,226.312
6.420317460,224.744
6.426122449,220.609
6.431927438,212.04
6.437732426,210.183
6.443537415,208.667
6.449342404,208.113
6.455147392,208.241
6.460952381,208.921
6.466757370,209.618
6.472562358,210.397
6.478367347,211.792
6.484172336,213.221
6.489977324,215.104
6.495782313,216.391
6.501587302,217.327
6.507392290,218.256
6.513197279,219.872
6.519002268,221.453
6.524807256,223.585
6.530612245,224.907
6.536417234,225.728
6.542222222,225.706
6.548027211,225.03
6.553832200,224.297
6.559637188,223.6
6.565442177,222.77
6.571247166,221.782
6.577052154,219.284
6.582857143,216.503
6.588662132,213.88
6.594467120,212.41
6.600272109,210.99
6.606077098,209.76
6.611882086,208.964
6.617687075,208.364
6.623492063,207.571
6.629297052,206.432
6.635102041,207.366
6.640907029,207.77
6.646712018,207.913
6.652517007,208.902
6.658321995,210.264
6.664126984,209.561
6.669931973,208.399
6.675736961,205.58
6.681541950,0
6.687346939,0
6.693151927,0
6.698956916,0
6.704761905,0
6.710566893,0
6.716371882,0
6.722176871,0
6.727981859,0
6.733786848,0
6.739591837,0
6.745396825,0
6.751201814,0
6.757006803,0
6.762811791,0
6.768616780,0
6.774421769,0
6.780226757,0
6.786031746,0
6.791836735,0
6.797641723,0
6.803446712,0
6.809251701,193.211
6.815056689,193.093
6.820861678,193.059
6.826666667,191.997
6.832471655,190.794
6.838276644,190.035
6.844081633,189.653
6.849886621,190.253
6.855691610,190.751
6.861496599,190.817
6.867301587,190.823
6.873106576,190.607
6.878911565,190.096
6.884716553,189.826
6.890521542,189.59
6.896326531,189.339
6.902131519,188.984
6.907936508,188.549
6.913741497,187.948
6.919546485,187.34
6.925351474,186.762
6.931156463,186.375
6.936961451,185.955
6.942766440,185.532
6.948571429,185.295
6.954376417,185.212
6.960181406,185.38
6.965986395,185.615
6.971791383,185.801
6.977596372,185.678
6.983401361,185.548
6.989206349,185.447
6.995011338,185.294
7.000816327,185.233
7.006621315,185.122
7.012426304,184.894
7.018231293,184.683
7.024036281,184.389
7.029841270,184.279
7.035646259,184.31
7.041451247,184.281
7.047256236,184.355
7.053061224,184.484
7.058866213,184.565
7.064671202,184.717
7.070476190,184.682
7.076281179,184.405
7.082086168,183.86
7.087891156,183.303
7.093696145,182.827
7.099501134,182.459
7.105306122,182.765
7.111111111,182.949
7.116916100,183.081
7.122721088,0
7.128526077,0
7.134331066,0
7.140136054,0
7.145941043,0
7.151746032,0
7.157551020,0
7.163356009,0
7.169160998,0
7.174965986,0
7.180770975,0
7.186575964,0
7.192380952,0
7.198185941,0
7.203990930,0
7.209795918,0
7.215600907,0
7.221405896,0
7.227210884,0
7.233015873,0
7.238820862,0
7.244625850,0
7.250430839,0
7.256235828,0
7.262040816,0
7.267845805,0
7.273650794,0
7.279455782,128.315,64.1577
7.285260771,129.254,64.6268
7.291065760,130.868,65.4338
7.296870748,130.582,65.2909
7.302675737,130.514,65.2572
7.308480726,130.936,65.4678
7.314285714,132.139,66.0695
7.320090703,132.461,66.2307
7.325895692,132.406,66.2029
7.331700680,132.501,66.2504
7.337505669,134.89,67.4451
7.343310658,135.038,67.5188
7.349115646,135.502,67.7508
7.354920635,135.989,67.9945
7.360725624,136.865,68.4326
7.366530612,137.099,68.5497
7.372335601,137.564,68.782
7.378140590,137.929,68.9647
7.383945578,135.853,67.9267
7.389750567,136.22,68.1098
7.395555556,138.588,69.2941
7.401360544,136.824,68.4122
7.407165533,136.771,68.3857
7.412970522,137.027,68.5134
7.418775510,139.211,69.6054
7.424580499,139.532,69.7658
7.430385488,139.62,69.8099
7.436190476,139.589,69.7947
7.441995465,139.406,69.703
7.447800454,139.124,69.562
7.453605442,138.839,69.4195
7.459410431,138.627,69.3134
7.465215420,138.588,69.2941
7.471020408,138.5,69.2501
7.476825397,138.44,69.2198
7.482630385,138.275,69.1373
7.488435374,138.126,69.0628
7.494240363,137.946,68.9729
7.500045351,137.717,68.8585
7.505850340,137.555,68.7777
7.511655329,137.523,68.7617
7.517460317,135.58,67.7898
7.523265306,135.523,67.7615
7.529070295,135.544,67.7719
7.534875283,135.762,67.881
7.540680272,136.01,68.0051
7.546485261,138.435,69.2177
7.552290249,138.664,69.3319
7.558095238,138.879,69.4396
7.563900227,139.224,69.6121
7.569705215,139.628,69.8141
7.575510204,140.055,70.0276
7.581315193,140.301,70.1505
7.587120181,140.486,70.2429
7.592925170,140.985,70.4926
7.598730159,141.408,70.7038
7.604535147,141.593,70.7965
7.610340136,141.578,70.789
7.616145125,141.524,70.7619
7.621950113,141.394,70.6969
7.627755102,141.152,70.5758
7.633560091,140.954,70.4768
7.639365079,140.898,70.4488
7.645170068,139.156,69.5778
7.650975057,139.087,69.5436
7.656780045,138.855,69.4273
7.662585034,137.249,68.6243
7.668390023,135.831,67.9157
7.674195011,135.628,67.814
7.680000000,133.923,66.9613
7.685804989,130.336,65.1681
7.691609977,127.749,63.8746
7.697414966,128.23,64.1148
7.703219955,131.327,65.6636
7.709024943,133.292,66.6461
7.714829932,133.893,66.9466
7.720634921,133.358,66.679
7.726439909,133.468,66.7341
7.732244898,133.433,66.7167
7.738049887,133.692,66.8458
7.743854875,134.122,67.061
7.749659864,136.089,68.0446
7.755464853,138.452,69.2261
7.761269841,138.496,69.2482
7.767074830,138.528,69.264
7.772879819,139.633,69.8167
7.778684807,142.354,71.177
7.784489796,142.463,71.2316
7.790294785,142.452,71.2261
7.796099773,142.24,71.1198
7.801904762,141.993,70.9965
7.807709751,140.8,70.4002
7.813514739,139.195,69.5974
7.819319728,138.707,69.3535
7.825124717,138.456,69.2279
7.830929705,136.183,68.0917
7.836734694,135.57,67.785
7.842539683,133.898,66.9492
7.848344671,131.841,65.9207
7.854149660,129.524,64.7621
7.859954649,129.134,64.5668
7.865759637,128.823,64.4113
7.871564626,129.321,64.6606
7.877369615,131.94,65.9699
7.883174603,132.235,66.1177
7.888979592,132.409,66.2045
7.894784580,132.594,66.2971
7.900589569,134.32,67.1601
7.906394558,134.546,67.2732
7.912199546,137.254,68.6269
7.918004535,137.15,68.5752
7.923809524,132.896,66.4479
7.929614512,144.827,72.4134
7.935419501,146.322,73.1608
7.941224490,148.072,74.0359
7.947029478,148.039,74.0197
7.952834467,0
7.958639456,0
7.964444444,129.97,64.985
7.970249433,147.064,73.532
7.976054422,147.04,73.5201
7.981859410,143.686,71.843
7.987664399,140.805,70.4027
7.993469388,137.79,68.895
7.999274376,136.068,68.0341
8.005079365,133.848,66.9239
8.010884354,129.44,64.7202
8.016689342,127.634,63.8169
8.022494331,127.358,63.6788
8.028299320,127.399,63.6996
8.034104308,128.291,64.1455
8.039909297,128.254,64.127
8.045714286,128.225,64.1127
8.051519274,128.148,64.0738
8.057324263,128.185,64.0924
8.063129252,130.583,65.2914
8.068934240,136.376,68.1878
8.074739229,134.901,67.4504
8.080544218,143.556,71.7782
8.086349206,143.689,71.8444
8.092154195,143.223,71.6117
8.097959184,143.576,71.7878
8.103764172,143.628,71.8138
8.109569161,143.71,71.8552
8.115374150,146.054,73.0272
8.121179138,143.52,71.76
8.126984127,141.658,70.8288
8.132789116,143.373,71.6863
8.138594104,142.143,71.0715
8.144399093,143.247,71.6237
8.150204082,142.22,71.1099
8.156009070,141.72,70.8599
8.161814059,140.944,70.4722
8.167619048,139.267,69.6337
8.173424036,136.98,68.4901
8.179229025,136.133,68.0666
8.185034014,134.64,67.32
8.190839002,134.707,67.3535
8.196643991,136.3,68.1501
8.202448980,136.532,68.2659
8.208253968,138.007,69.0036
8.214058957,138.936,69.468
8.219863946,140.467,70.2335
8.225668934,141.522,70.761
8.231473923,142.284,71.142
8.237278912,144.062,72.0308
8.243083900,146.612,73.3062
8.248888889,147.333,73.6663
8.254693878,148.867,74.4334
8.260498866,150.823,75.4113
8.266303855,151.902,75.951
8.272108844,152.293,76.1465
8.277913832,151.899,75.9493
8.283718821,150.621,75.3107
8.289523810,149.872,74.9362
8.295328798,150.169,75.0847
8.301133787,149.919,74.9594
8.306938776,148.319,74.1597
8.312743764,148.209,74.1043
8.318548753,144.824,72.4118
8.324353741,143.157,71.5786
8.330158730,141.806,70.9029
8.335963719,140.363,70.1816
8.341768707,139.819,69.9094
8.347573696,0
8.353378685,0
8.359183673,0
8.364988662,0
8.370793651,0
8.376598639,0
8.382403628,0
8.388208617,0
8.394013605,0
8.399818594,0
8.405623583,0
8.411428571,0
8.417233560,0
8.423038549,0
8.428843537,0
8.434648526,0
8.440453515,0
8.446258503,0
8.452063492,0
8.457868481,0
8.463673469,0
8.469478458,0
8.475283447,0
8.481088435,0
8.486893424,0
8.492698413,0
8.498503401,0
8.504308390,0
8.510113379,0
8.515918367,0
8.521723356,0
8.527528345,0
8.533333333,0
8.539138322,0
8.544943311,0
8.550748299,0
8.556553288,0
8.562358277,0
8.568163265,0
8.573968254,0
8.579773243,0
8.585578231,0
8.591383220,0
8.597188209,0
8.602993197,0
8.608798186,0
8.614603175,0
8.620408163,0
8.626213152,0
8.632018141,0
8.637823129,0
8.643628118,0
8.649433107,0
8.655238095,0
8.661043084,0
8.666848073,0
8.672653061,0
8.678458050,0
8.684263039,0
8.690068027,0
8.695873016,0
8.701678005,0
8.707482993,0
8.713287982,0
8.719092971,0
8.724897959,0
8.730702948,0
8.736507937,0
8.742312925,0
8.748117914,0
8.753922902,0
8.759727891,0
8.765532880,0
8.771337868,0
8.777142857,0
8.782947846,0
8.788752834,0
8.794557823,0
8.800362812,0
8.806167800,0
8.811972789,0
8.817777778,0
8.823582766,0
8.829387755,0
8.835192744,0
8.840997732,0
8.846802721,0
8.852607710,0
8.858412698,0
8.864217687,0
8.870022676,0
8.875827664,0
8.881632653,0
8.887437642,0
8.893242630,0
8.899047619,0
8.904852608,0
8.910657596,0
8.916462585,0
8.922267574,0
8.928072562,0
8.933877551,0
8.939682540,0
8.945487528,0
8.951292517,0
8.957097506,0
8.962902494,0
8.968707483,0
8.974512472,0
8.980317460,0
8.986122449,0
8.991927438,0
8.997732426,0
9.003537415,0
9.009342404,0
9.015147392,0
9.020952381,0
9.026757370,0
9.032562358,0
9.038367347,0
9.044172336,0
9.049977324,0
9.055782313,0
9.061587302,0
9.067392290,0
9.073197279,0
9.079002268,0
9.084807256,0
9.090612245,0
9.096417234,0
9.102222222,0
9.108027211,0
9.113832200,0
9.119637188,0
9.125442177,0
9.131247166,0
9.137052154,0
9.142857143,0
9.148662132,0
9.154467120,0
9.160272109,0
9.166077098,0
9.171882086,0
9.177687075,0
9.183492063,0
9.189297052,0
9.195102041,0
9.200907029,0
9.206712018,0
9.212517007,0
9.218321995,0
9.224126984,0
9.229931973,0
9.235736961,0
9.241541950,0
9.247346939,0
9.253151927,0
9.258956916,0
9.264761905,0
9.270566893,0
9.276371882,0
9.282176871,0
9.287981859,0
9.293786848,0
9.299591837,0
9.305396825,0
9.311201814,0
9.317006803,0
9.322811791,0
9.328616780,0
9.334421769,0
9.340226757,0
9.346031746,0
9.351836735,0
9.357641723,0
9.363446712,0
9.369251701,0
9.375056689,0
9.380861678,0
9.386666667,0
9.392471655,0
9.398276644,0
9.404081633,0
9.409886621,0
9.415691610,0
9.421496599,0
9.427301587,0
9.433106576,0
9.438911565,0
9.444716553,0
9.450521542,0
9.456326531,0
9.462131519,0
9.467936508,0
9.473741497,0
9.479546485,0
9.485351474,0
9.491156463,0
9.496961451,0
9.502766440,0
9.508571429,0
9.514376417,0
9.520181406,0
9.525986395,0
9.531791383,0
9.537596372,0
9.543401361,0
9.549206349,0
9.555011338,0
9.560816327,0
9.566621315,0
9.572426304,0
9.578231293,0
9.584036281,0
9.589841270,0
9.595646259,0
9.601451247,0
9.607256236,253.074
9.613061224,253.128
9.618866213,261.483
9.624671202,263.214
9.630476190,265.735
9.636281179,268.828
9.642086168,271.552
9.647891156,273.385
9.653696145,274.621
9.659501134,274.737
9.665306122,274.592
9.671111111,273.815
9.676916100,272.499
9.682721088,270.82
9.688526077,269.581
9.694331066,268.47
9.700136054,267.297
9.705941043,265.324
9.711746032,263.349
9.717551020,262.069
9.723356009,260.907
9.729160998,260.329
9.734965986,259.987
9.740770975,259.586
9.746575964,259.189
9.752380952,258.211
9.758185941,257.376
9.763990930,256.928
9.769795918,257.113
9.775600907,257.524
9.781405896,258.042
9.787210884,258.704
9.793015873,259.669
9.798820862,260.648
9.804625850,261.359
9.810430839,261.53
9.816235828,261.407
9.822040816,261.251
9.827845805,260.691
9.833650794,259.89
9.839455782,258.6
9.845260771,256.88
9.851065760,256.4
9.856870748,259.755
9.862675737,259.495
9.868480726,259.8
9.874285714,0
9.880090703,0
9.885895692,0
9.891700680,0
9.897505669,0
9.903310658,0
9.909115646,0
9.914920635,0
9.920725624,0
9.926530612,0
9.932335601,0
9.938140590,0
9.943945578,0
9.949750567,0
9.955555556,0
9.961360544,0
9.967165533,0
9.972970522,0
9.978775510,0
9.984580499,0
9.990385488,0
9.996190476,0
10.001995465,0
10.007800454,256.674
10.013605442,255.217
10.019410431,253.344
10.025215420,251.707
10.031020408,251.526
10.036825397,251.746
10.042630385,252.202
10.048435374,253.143
10.054240363,253.459
10.060045351,253.666
10.065850340,253.456
10.071655329,253.093
10.077460317,252.931
10.083265306,252.73
10.089070295,252.851
10.094875283,253.032
10.100680272,252.997
10.106485261,252.886
10.112290249,252.772
10.118095238,252.541
10.123900227,252.314
10.129705215,252.331
10.135510204,251.873
10.141315193,251.736
10.147120181,251.814
10.152925170,251.602
10.158730159,250.94
10.164535147,250.348
10.170340136,250.059
10.176145125,249.885
10.181950113,250.324
10.187755102,251.544
10.193560091,251.475
10.199365079,251.772
10.205170068,251.69
10.210975057,251.612
10.216780045,251.72
10.222585034,252.062
10.228390023,253.255
10.234195011,254.078
10.240000000,254.706
10.245804989,255.076
10.251609977,254.987
10.257414966,254.822
10.263219955,254.083
10.269024943,251.78
10.274829932,248.289
10.280634921,245.567
10.286439909,243.958
10.292244898,241.973
10.298049887,0
10.303854875,0
10.309659864,0
10.315464853,0
10.321269841,0
10.327074830,0
10.332879819,0
10.338684807,0
10.344489796,0
10.350294785,0
10.356099773,0
10.361904762,0
10.367709751,0
10.373514739,0
10.379319728,0
10.385124717,0
10.390929705,0
10.396734694,0
10.402539683,0
10.408344671,0
10.414149660,0
10.419954649,0
10.425759637,0
10.431564626,0
10.437369615,0
10.443174603,246.905
10.448979592,247.105
10.454784580,247.852
10.460589569,248.867
10.466394558,250.907
10.472199546,252.291
10.478004535,253.302
10.483809524,252.95
10.489614512,252.243
10.495419501,251.982
10.501224490,251.177
10.507029478,250.512
10.512834467,250.105
10.518639456,249.418
10.524444444,249.223
10.530249433,249.242
10.536054422,249.307
10.541859410,249.238
10.547664399,249.298
10.553469388,249.348
10.559274376,249.431
10.565079365,249.797
10.570884354,249.936
10.576689342,250.098
10.582494331,249.934
10.588299320,249.642
10.594104308,249.128
10.599909297,248.51
10.605714286,247.886
10.611519274,247.223
10.617324263,246.716
10.623129252,246.476
10.628934240,246.373
10.634739229,246.466
10.640544218,246.503
10.646349206,246.736
10.652154195,246.973
10.657959184,247.164
10.663764172,247.716
10.669569161,248.034
10.675374150,248.349
10.681179138,248.858
10.686984127,248.91
10.692789116,249.293
10.698594104,249.661
10.704399093,249.785
10.710204082,249.711
10.716009070,249.149
10.721814059,248.553
10.727619048,247.738
10.733424036,246.461
10.739229025,244.986
10.745034014,245.826
10.750839002,245.898
10.756643991,245.042
10.762448980,245.043
10.768253968,243.662
10.774058957,242.117
10.779863946,0
10.785668934,0
10.791473923,0
10.797278912,0
10.803083900,0
10.808888889,0
10.814693878,0
10.820498866,0
10.826303855,0
10.832108844,0
10.837913832,0
10.843718821,0
10.849523810,0
10.855328798,0
10.861133787,0
10.866938776,0
10.872743764,0
10.878548753,0
10.884353741,0
10.890158730,0
10.895963719,0
10.901768707,0
10.907573696,0
10.913378685,0
10.919183673,0
10.924988662,0
10.930793651,0
10.936598639,0
10.942403628,0
10.948208617,0
10.954013605,0
10.959818594,0
10.965623583,0
10.971428571,0
10.977233560,0
10.983038549,0
10.988843537,0
10.994648526,0
11.000453515,0
11.006258503,0
11.012063492,216.951,216.951
11.017868481,216.652,216.652
11.023673469,216.321,216.321
11.029478458,216.272,216.272
11.035283447,216.2,216.2
11.041088435,215.822,215.822
11.046893424,215.466,215.466
11.052698413,214.995,214.995
11.058503401,214.665,214.665
11.064308390,214.377,214.377
11.070113379,214.298,214.298
11.075918367,214.48,214.48
11.081723356,214.379,214.379
11.087528345,214.513,214.513
11.093333333,214.367,214.367
11.099138322,0
11.104943311,0
11.110748299,0
11.116553288,0
11.122358277,0
11.128163265,0
11.133968254,0
11.139773243,0
11.145578231,0
11.151383220,0
11.157188209,0
11.162993197,0
11.168798186,0
11.174603175,0
11.180408163,0
11.186213152,0
11.192018141,0
11.197823129,215.738,[2] 
11.203628118,214.818,[2] 
11.209433107,213.622,[2] 
11.215238095,213.166,[2] 
11.221043084,212.925,[2] 
11.226848073,212.792,[2] 
11.232653061,212.554,[2] 
11.238458050,221.804,[2] 
11.244263039,0
11.250068027,0
11.255873016,0
11.261678005,0
11.267482993,0
11.273287982,0
11.279092971,0
11.284897959,0
11.290702948,0
11.296507937,0
11.302312925,0
11.308117914,0
11.313922902,0
11.319727891,0
11.325532880,0
11.331337868,0
11.337142857,0
11.342947846,0
11.348752834,0
11.354557823,0
11.360362812,0
11.366167800,0
11.371972789,0
11.377777778,0
11.383582766,0
11.389387755,0
11.395192744,0
11.400997732,0
11.406802721,0
11.412607710,0
11.418412698,0
11.424217687,0
11.430022676,0
11.435827664,0
11.441632653,0
11.447437642,0
11.453242630,0
11.459047619,0
11.464852608,0
11.470657596,0
11.476462585,0
11.482267574,254.432
11.488072562,258.121
11.493877551,261.051
11.499682540,262.534
11.505487528,266.364
11.511292517,272.184
11.517097506,274.6
11.522902494,276.503
11.528707483,277.848
11.534512472,278.607
11.540317460,278.763
11.546122449,278.491
11.551927438,278.383
11.557732426,277.756
11.563537415,277.449
11.569342404,277.197
11.575147392,276.644
11.580952381,276.204
11.586757370,275.179
11.592562358,274.073
11.598367347,273.886
11.604172336,273.899
11.609977324,274.064
11.615782313,274.203
11.621587302,274.39
11.627392290,274.666
11.633197279,275.161
11.639002268,275.609
11.644807256,275.811
11.650612245,276.162
11.656417234,276.456
11.662222222,276.921
11.668027211,277.545
11.673832200,278.061
11.679637188,278.456
11.685442177,278.678
11.691247166,278.421
11.697052154,277.867
11.702857143,277.479
11.708662132,277.044
11.714467120,276.948
11.720272109,276.762
11.726077098,276.531
11.731882086,276.122
11.737687075,276.203
11.743492063,276.678
11.749297052,276.946
11.755102041,276.832
11.760907029,0
11.766712018,0
11.772517007,0
11.778321995,0
11.784126984,0
11.789931973,0
11.795736961,0
11.801541950,0
11.807346939,0
11.813151927,0
11.818956916,0
11.824761905,0
11.830566893,0
11.836371882,0
11.842176871,0
11.847981859,0
11.853786848,0
11.859591837,0
11.865396825,0
11.871201814,0
11.877006803,0
11.882811791,0
11.888616780,0
11.894421769,0
11.900226757,0
11.906031746,0
11.911836735,0
11.917641723,0
11.923446712,195.603
11.929251701,195.879
11.935056689,195.337
11.940861678,194.908
11.946666667,194.179
11.952471655,193.28
11.958276644,192.745
11.964081633,192.325
11.969886621,191.933
11.975691610,191.425
11.981496599,190.984
11.987301587,190.899
11.993106576,190.679
11.998911565,190.74
12.004716553,190.728
12.010521542,190.513
12.016326531,190.8
12.022131519,190.895
12.027936508,191.203
12.033741497,191.565
12.039546485,191.647
12.045351474,192.328
12.051156463,192.655
12.056961451,192.72
12.062766440,193.243
12.068571429,193.659
12.074376417,194.084
12.080181406,194.435
12.085986395,194.16
12.091791383,194.233
12.097596372,193.632
12.103401361,193.467
12.109206349,193.296
12.115011338,192.994
12.120816327,193.084
12.126621315,192.725
12.132426304,192.343
12.138231293,192.092
12.144036281,190.901
12.149841270,189.935
12.155646259,189.518
12.161451247,188.726
12.167256236,187.994
12.173061224,187.359
12.178866213,187.068
12.184671202,187.002
12.190476190,186.873
12.196281179,187.18
12.202086168,187.841
12.207891156,188.354
12.213696145,188.974
12.219501134,189.471
12.225306122,190.177
12.231111111,190.808
12.236916100,193.072
12.242721088,196.845
12.248526077,198.569
12.254331066,199.629
12.260136054,200.07
12.265941043,200.454
12.271746032,200.954
12.277551020,201.694
12.283356009,202.064
12.289160998,201.113
12.294965986,200.315
12.300770975,199.58
12.306575964,198.476
12.312380952,196.865
12.318185941,194.595
12.323990930,193.147
12.329795918,191.436
12.335600907,190.299
12.341405896,188.875
12.347210884,186.643
12.353015873,186.389
12.358820862,185.887
12.364625850,185.026
12.370430839,184.902
12.376235828,185.22
12.382040816,186.401
12.387845805,187.307
12.393650794,188.407
12.399455782,189.757
12.405260771,190.372
12.411065760,190.773
12.416870748,196.304
12.422675737,198.378
12.428480726,199.038
12.434285714,199.176
12.440090703,198.097
12.445895692,198.173
12.451700680,199.161
12.457505669,201.9
12.463310658,201.482
12.469115646,201.019
12.474920635,199.289
12.480725624,197.594
12.486530612,197.345
12.492335601,196.002
12.498140590,194.583
12.503945578,193.956
12.509750567,191.006
12.515555556,189.322
12.521360544,188.029
12.527165533,188.026
12.532970522,188.149
12.538775510,187.987
12.544580499,188.33
12.550385488,188.706,[1] 
12.556190476,189.262,[1] 
12.561995465,189.904,[1] 
12.567800454,190.4,[1] 
12.573605442,190.413,[1] 
12.579410431,190.977,[1] 
12.585215420,191.607,[1] 
12.591020408,192.391,[1] 
12.596825397,195.794,[1] 
12.602630385,196.919,[1] 
12.608435374,197.149,[1] 
12.614240363,197.677,[1] 
12.620045351,197.962,[1] 
12.625850340,197.888,[1] 
12.631655329,205.228,[1] 
12.637460317,205.044,[1] 
12.643265306,204.315,[1] 
12.649070295,203.783,[1] 
12.654875283,201.223,[1] 
12.660680272,198.604,[1] 
12.666485261,198.219,[1] 
12.672290249,196.391,[1] 
12.678095238,195.714,[1] 
12.683900227,196.167,[1] 
12.689705215,195.787,[1] 
12.695510204,195.347,[1] 
12.701315193,193.208,[1] 
12.707120181,192.816,[1] 
12.712925170,192.494,[1] 
12.718730159,189.641,[1] 
12.724535147,192.691,[1] 
12.730340136,189.811,[1] 
12.736145125,193.51,[1] 
12.741950113,194.288,[1] 
12.747755102,194.631,[1] 
12.753560091,195.529,[1] 
12.759365079,198.228,[1] 
12.765170068,198.55,[1] 
12.770975057,200.331,[1] 
12.776780045,200.961,[1] 
12.782585034,200.86,[1] 
12.788390023,201.777,[1] 
12.794195011,192.147,[1] 
12.800000000,192.733,[1] 
12.805804989,199.504,[1] 
12.811609977,199.755,[1] 
12.817414966,198.936,[1] 
12.823219955,198.916,[1] 
12.829024943,0
12.834829932,0
12.840634921,0
12.846439909,0
12.852244898,0
12.858049887,0
12.863854875,0
12.869659864,0
12.875464853,0
12.881269841,0
12.887074830,0
12.892879819,0
12.898684807,0
12.904489796,0
12.910294785,0
12.916099773,0
12.921904762,0
12.927709751,0
12.933514739,0
12.939319728,0
12.945124717,0
12.950929705,0
12.956734694,0
12.962539683,0
12.968344671,0
12.974149660,0
12.979954649,0
12.985759637,0
12.991564626,0
12.997369615,0
13.003174603,0
13.008979592,0
13.014784580,0
13.020589569,0
13.026394558,0
13.032199546,0
13.038004535,0
13.043809524,0
13.049614512,0
13.055419501,0
13.061224490,0
13.067029478,0
13.072834467,0
13.078639456,0
13.084444444,0
13.090249433,0
13.096054422,0
13.101859410,0
13.107664399,0
13.113469388,0
13.119274376,0
13.125079365,0
13.130884354,0
13.136689342,0
13.142494331,0
13.148299320,0
13.154104308,0
13.159909297,0
13.165714286,0
13.171519274,0
13.177324263,0
13.183129252,0
13.188934240,0
13.194739229,0
13.200544218,0
13.206349206,0
13.212154195,0
13.217959184,0
13.223764172,0
13.229569161,0
13.235374150,0
13.241179138,0
13.246984127,0
13.252789116,0
13.258594104,0
13.264399093,0
13.270204082,0
13.276009070,0
13.281814059,0
13.287619048,0
13.293424036,0
13.299229025,0
13.305034014,0
13.310839002,0
13.316643991,0
13.322448980,0
13.328253968,0
13.334058957,0
13.339863946,0
13.345668934,0
13.351473923,0
13.357278912,0
13.363083900,0
13.368888889,0
13.374693878,0
13.380498866,0
13.386303855,0
13.392108844,0
13.397913832,0
13.403718821,0
13.409523810,218.123,218.123
13.415328798,218.577,218.577
13.421133787,219.581,219.581
13.426938776,221.067,221.067
13.432743764,222.56,222.56
13.438548753,222.816,222.816
13.444353741,222.955,222.955
13.450158730,214.485,214.485
13.455963719,223.194,223.194
13.461768707,223.095,223.095
13.467573696,222.923,222.923
13.473378685,222.454,222.454
13.479183673,221.713,221.713
13.484988662,220.956,220.956
13.490793651,220.389,220.389
13.496598639,219.79,219.79
13.502403628,219.522,219.522
13.508208617,219.201,219.201
13.514013605,219.296,219.296
13.519818594,219.678,219.678
13.525623583,220.334,220.334
13.531428571,221.419,221.419
13.537233560,222.528,222.528
13.543038549,0
13.548843537,0
13.554648526,226.406,[2] 
13.560453515,227.067,[2] 
13.566258503,228.367,[2] 
13.572063492,229.253,[2] 
13.577868481,229.561,[2] 
13.583673469,229.825,[2] 
13.589478458,230.744,[2] 
13.595283447,231.13,[2] 
13.601088435,230.947,[2] 
13.606893424,230.045,[2] 
13.612698413,229.667,[2] 
13.618503401,229.303,[2] 
13.624308390,229.109,[2] 
13.630113379,229.157,[2] 
13.635918367,228.407,[2] 
13.641723356,228.237,[2] 
13.647528345,227.879,[2] 
13.653333333,227.238,[2] 
13.659138322,227.169,[2] 
13.664943311,226.766,[2] 
13.670748299,226.359,[2] 
13.676553288,226.751,[2] 
13.682358277,0
13.688163265,0
13.693968254,227.856,[2] 
13.699773243,227.564,[2] 
13.705578231,227.541,[2] 
13.711383220,227.412,[2] 
13.717188209,0
13.722993197,226.829,[2] 
13.728798186,227.585,[2] 
13.734603175,228.481,[2] 
13.740408163,231.196,[2] 
13.746213152,228.498,[2] 
13.752018141,226.553,[2] 
13.757823129,0
13.763628118,0
13.769433107,0
13.775238095,0
13.781043084,0
13.786848073,0
13.792653061,238.548,[1] 
13.798458050,238.136,[1] 
13.804263039,237.843,[1] 
13.810068027,237.792,[1] 
13.815873016,237.892,[1] 
13.821678005,237.997,[1] 
13.827482993,238.063,[1] 
13.833287982,238.141,[1] 
13.839092971,237.935,[1] 
13.844897959,237.766,[1] 
13.850702948,237.678,[1] 
13.856507937,237.086,[1] 
13.862312925,236.797,[1] 
13.868117914,237.018,[1] 
13.873922902,236.789,[1] 
13.879727891,237.605,[1] 
13.885532880,238.629,[1] 
13.891337868,0
13.897142857,0
13.902947846,0
13.908752834,0
13.914557823,0
13.920362812,0
13.926167800,0
13.931972789,0
13.937777778,0
13.943582766,0
13.949387755,0
13.955192744,0
13.960997732,0
13.966802721,0
13.972607710,0
13.978412698,0
13.984217687,0
13.990022676,0
13.995827664,0
14.001632653,0
14.007437642,0
14.013242630,0
14.019047619,0
14.024852608,0
14.030657596,0
14.036462585,0
14.042267574,0
14.048072562,0
14.053877551,0
14.059682540,0
14.065487528,0
14.071292517,0
14.077097506,0
14.082902494,0
14.088707483,0
14.094512472,0
14.100317460,0
14.106122449,0
14.111927438,0
14.117732426,0
14.123537415,0
14.129342404,0
14.135147392,0
14.140952381,0
14.146757370,0
14.152562358,0
14.158367347,0
14.164172336,0
14.169977324,0
14.175782313,0
14.181587302,0
14.187392290,0
14.193197279,0
14.199002268,153.779,153.779
14.204807256,63.6816,63.6816
14.210612245,0
14.216417234,0
14.222222222,0
14.228027211,0
14.233832200,0
14.239637188,0
14.245442177,0
14.251247166,0
14.257052154,0
14.262857143,0
14.268662132,0
14.274467120,0
14.280272109,0
14.286077098,0
14.291882086,0
14.297687075,0
14.303492063,0
14.309297052,0
14.315102041,0
14.320907029,0
14.326712018,0
14.332517007,0
14.338321995,0
14.344126984,0
14.349931973,0
14.355736961,0
14.361541950,0
14.367346939,0
14.373151927,0
14.378956916,0
14.384761905,0
14.390566893,0
14.396371882,0
14.402176871,0
14.407981859,0
14.413786848,0
14.419591837,0
14.425396825,0
14.431201814,0
14.437006803,0
14.442811791,0
14.448616780,0
14.454421769,0
14.460226757,0
14.466031746,0
14.471836735,0
14.477641723,0
14.483446712,0
14.489251701,0
14.495056689,0
14.500861678,0
14.506666667,0
14.512471655,0
14.518276644,0
14.524081633,0
14.529886621,0
14.535691610,0
14.541496599,0
14.547301587,0
14.553106576,0
14.558911565,0
14.564716553,0
14.570521542,0
14.576326531,0
14.582131519,0
14.587936508,0
14.593741497,0
14.599546485,0
14.605351474,0
14.611156463,0
14.616961451,0
14.622766440,0
14.628571429,0
14.634376417,0
14.640181406,0
14.645986395,0
14.651791383,176.878,176.878
14.657596372,177.409,177.409
14.663401361,178.139,178.139
14.669206349,178.852,178.852
14.675011338,179.373,179.373
14.680816327,179.387,179.387
14.686621315,179.391,179.391
14.692426304,179.451,179.451
14.698231293,179.726,179.726
14.704036281,180.143,180.143
14.709841270,180.402,180.402
14.715646259,180.713,180.713
14.721451247,180.643,180.643
14.727256236,180.677,180.677
14.733061224,180.711,180.711
14.738866213,180.639,180.639
14.744671202,180.635,180.635
14.750476190,180.52,180.52
14.756281179,180.519,180.519
14.762086168,180.598,180.598
14.767891156,180.73,180.73
14.773696145,180.831,180.831
14.779501134,181.062,181.062
14.785306122,181.275,181.275
14.791111111,181.786,181.786
14.796916100,182.34,182.34
14.802721088,182.674,182.674
14.808526077,0
14.814331066,0
14.820136054,184.007
14.825941043,184.245
14.831746032,184.442
14.837551020,184.724
14.843356009,185.093
14.849160998,185.631
14.854965986,185.89
14.860770975,186.001
14.866575964,185.865
14.872380952,185.577
14.878185941,185.316
14.883990930,185.169
14.889795918,185.066
14.895600907,185.216
14.901405896,185.396
14.907210884,185.685
14.913015873,185.97
14.918820862,185.957
14.924625850,185.873
14.930430839,185.46
14.936235828,0
14.942040816,0
14.947845805,0
14.953650794,0
14.959455782,178.903,178.903
14.965260771,178.743,178.743
14.971065760,177.231,177.231
14.976870748,175.959,175.959
14.982675737,175.549,175.549
14.988480726,175.13,175.13
14.994285714,175.106,175.106
15.000090703,0
15.005895692,0
15.011700680,0
15.017505669,0
15.023310658,0
15.029115646,0
15.034920635,0
15.040725624,0
15.046530612,177.609,177.609
15.052335601,178.005,178.005
15.058140590,178.647,178.647
15.063945578,178.55,178.55
15.069750567,178.768,178.768
15.075555556,179.91,179.91
15.081360544,180.844,180.844
15.087165533,182.154,182.154
15.092970522,183.807,183.807
15.098775510,184.201,184.201
15.104580499,0
15.110385488,0
15.116190476,185.256
15.121995465,185.354
15.127800454,185.146
15.133605442,184.694
15.139410431,184.241
15.145215420,183.784
15.151020408,183.306
15.156825397,183.082
15.162630385,183.207
15.168435374,182.975
15.174240363,182.963
15.180045351,183.084
15.185850340,182.953
15.191655329,183.348
15.197460317,183.683
15.203265306,183.772
15.209070295,183.913
15.214875283,184.293
15.220680272,184.462
15.226485261,185.177
15.232290249,185.819
15.238095238,186.315
15.243900227,186.92
15.249705215,186.831
15.255510204,191.262
15.261315193,193.309
15.267120181,193.976
15.272925170,194.735
15.278730159,195.27
15.284535147,195.316
15.290340136,195.194
15.296145125,194.49
15.301950113,193.856
15.307755102,193.022
15.313560091,192.212
15.319365079,191.523
15.325170068,190.751
15.330975057,190.156
15.336780045,189.539
15.342585034,188.949
15.348390023,188.75
15.354195011,188.857
15.360000000,189.01
15.365804989,189.266
15.371609977,189.549
15.377414966,189.851
15.383219955,190.08
15.389024943,190.751
15.394829932,191.763
15.400634921,192.807
15.406439909,194.35
15.412244898,195.712
15.418049887,197.133
15.423854875,198.148
15.429659864,198.976
15.435464853,199.268
15.441269841,198.5
15.447074830,198.006
15.452879819,197.156
15.458684807,196.654
15.464489796,195.698
15.470294785,194.378
15.476099773,193.311
15.481904762,191.645
15.487709751,189.642
15.493514739,187.471
15.499319728,186.402
15.505124717,186.222
15.510929705,185.849
15.516734694,185.871
15.522539683,185.546
15.528344671,185.449
15.534149660,185.532
15.539954649,185.567
15.545759637,185.964
15.551564626,185.726
15.557369615,186.89
15.563174603,187.468
15.568979592,188.865
15.574784580,190.793
15.580589569,191.35
15.586394558,195.237
15.592199546,196.819
15.598004535,198.978
15.603809524,200.204
15.609614512,200.646
15.615419501,200.7
15.621224490,200.695
15.627029478,200.11
15.632834467,199.725
15.638639456,198.948
15.644444444,198.215
15.650249433,197.251
15.656054422,195.254
15.661859410,193.912
15.667664399,191.103
15.673469388,189.14
15.679274376,188.857
15.685079365,189.017
15.690884354,189.616
15.696689342,190.399
15.702494331,190.275
15.708299320,190.157
15.714104308,190.429
15.719909297,190.546
15.725714286,0
15.731519274,194.352,[1] 
15.737324263,195.92,[1] 
15.743129252,197.847,[1] 
15.748934240,199.196,[1] 
15.754739229,200.369,[1] 
15.760544218,0
15.766349206,0
15.772154195,201.797,[1] 
15.777959184,200.501,[1] 
15.783764172,199.565,[1] 
15.789569161,197.903,[1] 
15.795374150,195.166,[1] 
15.801179138,193.998,[1] 
15.806984127,191.706,[1] 
15.812789116,190.371,[1] 
15.818594104,188.392,[1] 
15.824399093,189.052,[1] 
15.830204082,189.328,[1] 
15.836009070,188.922,[1] 
15.841814059,188.698,[1] 
15.847619048,0
15.853424036,0
15.859229025,0
15.865034014,0
15.870839002,190.141,190.141
15.876643991,191.537,191.537
15.882448980,193.137,193.137
15.888253968,197.637,197.637
15.894058957,199.921,199.921
15.899863946,206.346,206.346
15.905668934,0
15.911473923,0
15.917278912,200.774,200.774
15.923083900,207.819,207.819
15.928888889,201.585,201.585
15.934693878,201.836,201.836
15.940498866,0
15.946303855,0
15.952108844,198.755,198.755
15.957913832,195.6,195.6
15.963718821,198.089,198.089
15.969523810,194.764,194.764
15.975328798,193.303,193.303
15.981133787,192.387,192.387
15.986938776,188.086,188.086
15.992743764,190.253,190.253
15.998548753,188.45,188.45
16.004353741,187.082,187.082
16.010158730,0
16.015963719,0
16.021768707,184.119,[2] 
16.027573696,183.877,[2] 
16.033378685,181.442,[2] 
16.039183673,0
16.044988662,0
16.050793651,183.777,[2] 
16.056598639,186.866,[2] 
16.062403628,185.328,[2] 
16.068208617,187.017,[2] 
16.074013605,186.743,[2] 
16.079818594,187.133,[2] 
16.085623583,187.255,[2] 
16.091428571,188.68,[2] 
16.097233560,188.696,[2] 
16.103038549,190.32,[2] 
16.108843537,188.534,[2] 
16.114648526,190.127,[2] 
16.120453515,194.831,[2] 
16.126258503,195.093,[2] 
16.132063492,197.2,[2] 
16.137868481,194.971,[2] 
16.143673469,204.599,[2] 
16.149478458,199.038,[2] 
16.155283447,197.204,[2] 
16.161088435,197.055,[2] 
16.166893424,193.47,[2] 
16.172698413,196.729,[2] 
16.178503401,202.483,[2] 
16.184308390,0
16.190113379,0
16.195918367,0
16.201723356,0
16.207528345,0
16.213333333,0
16.219138322,0
16.224943311,0
16.230748299,0
16.236553288,0
16.242358277,0
16.248163265,0
16.253968254,0
16.259773243,0
16.265578231,0
16.271383220,0
16.277188209,0
16.282993197,0
16.288798186,0
16.294603175,0
16.300408163,0
16.306213152,0
16.312018141,0
16.317823129,0
16.323628118,0
16.329433107,0
16.335238095,0
16.341043084,0
16.346848073,0
16.352653061,0
16.358458050,0
16.364263039,0
16.370068027,0
16.375873016,0
16.381678005,0
16.387482993,0
16.393287982,0
16.399092971,0
16.404897959,0
16.410702948,0
16.416507937,0
16.422312925,0
16.428117914,0
16.433922902,0
16.439727891,0
16.445532880,0
16.451337868,0
16.457142857,0
16.462947846,0
16.468752834,0
16.474557823,0
16.480362812,0
16.486167800,0
16.491972789,0
16.497777778,0
16.503582766,0
16.509387755,0
16.515192744,0
16.520997732,0
16.526802721,0
16.532607710,0
16.538412698,0
16.544217687,0
16.550022676,0
16.555827664,0
16.561632653,0
16.567437642,0
16.573242630,0
16.579047619,0
16.584852608,0
16.590657596,0
16.596462585,0
16.602267574,0
16.608072562,0
16.613877551,0
16.619682540,0
16.625487528,0
16.631292517,0
16.637097506,0
16.642902494,0
16.648707483,0
16.654512472,0
16.660317460,0
16.666122449,0
16.671927438,0
16.677732426,0
16.683537415,0
16.689342404,0
16.695147392,0
16.700952381,0
16.706757370,0
16.712562358,0
16.718367347,0
16.724172336,0
16.729977324,0
16.735782313,0
16.741587302,0
16.747392290,0
16.753197279,0
16.759002268,0
16.764807256,0
16.770612245,0
16.776417234,0
16.782222222,0
16.788027211,0
16.793832200,0
16.799637188,0
16.805442177,0
16.811247166,0
16.817052154,0
16.822857143,0
16.828662132,0
16.834467120,0
16.840272109,0
16.846077098,0
16.851882086,0
16.857687075,0
16.863492063,0
16.869297052,0
16.875102041,0
16.880907029,0
16.886712018,0
16.892517007,0
16.898321995,0
16.904126984,0
16.909931973,239.113
16.915736961,248.614
16.921541950,254.027
16.927346939,259.296
16.933151927,261.8
16.938956916,263.71
16.944761905,264.815
16.950566893,265.48
16.956371882,265.639
16.962176871,265.232
16.967981859,264.648
16.973786848,263.876
16.979591837,263.337
16.985396825,262.979
16.991201814,262.539
16.997006803,262.311
17.002811791,261.533
17.008616780,261.033
17.014421769,260.613
17.020226757,260.245
17.026031746,260.022
17.031836735,259.923
17.037641723,259.471
17.043446712,258.945
17.049251701,258.369
17.055056689,257.594
17.060861678,257.118
17.066666667,256.652
17.072471655,256.247
17.078276644,255.983
17.084081633,255.577
17.089886621,255.228
17.095691610,254.174
17.101496599,253.327
17.107301587,253.155
17.113106576,0
17.118911565,0
17.124716553,0
17.130521542,0
17.136326531,0
17.142131519,0
17.147936508,0
17.153741497,0
17.159546485,0
17.165351474,0
17.171156463,0
17.176961451,0
17.182766440,0
17.188571429,0
17.194376417,0
17.200181406,0
17.205986395,0
17.211791383,0
17.217596372,0
17.223401361,0
17.229206349,261.583
17.235011338,261.002
17.240816327,260.17
17.246621315,259.213
17.252426304,255.354
17.258231293,254.074
17.264036281,253.842
17.269841270,254.422
17.275646259,255.05
17.281451247,255.772
17.287256236,256.456
17.293061224,257.34
17.298866213,257.962
17.304671202,258.268
17.310476190,258.495
17.316281179,258.25
17.322086168,257.779
17.327891156,257.725
17.333696145,257.464
17.339501134,257.421
17.345306122,257.415
17.351111111,256.544
17.356916100,255.687
17.362721088,255.38
17.368526077,254.604
17.374331066,253.894
17.380136054,252.79
17.385941043,252.967
17.391746032,254.364
17.397551020,255.4
17.403356009,256.655
17.409160998,257.932
17.414965986,259.237
17.420770975,260.66
17.426575964,261.902
17.432380952,262.72
17.438185941,263.223
17.443990930,263.503
17.449795918,263.463
17.455600907,263.606
17.461405896,263.669
17.467210884,263.584
17.473015873,263.346
17.478820862,262.896
17.484625850,262.588
17.490430839,262.165
17.496235828,261.711
17.502040816,260.972
17.507845805,259.635
17.513650794,258.249
17.519455782,257.125
17.525260771,256.569
17.531065760,256.073
17.536870748,0
17.542675737,256.266,256.266
17.548480726,256.01,256.01
17.554285714,256.072,256.072
17.560090703,256.847,256.847
17.565895692,257.308,257.308
17.571700680,257.47,257.47
17.577505669,0
17.583310658,0
17.589115646,0
17.594920635,0
17.600725624,0
17.606530612,0
17.612335601,0
17.618140590,0
17.623945578,0
17.629750567,0
17.635555556,0
17.641360544,0
17.647165533,0
17.652970522,0
17.658775510,259.099
17.664580499,258.68
17.670385488,258.36
17.676190476,258.493
17.681995465,259.823
17.687800454,261.268
17.693605442,261.867
17.699410431,261.975
17.705215420,261.881
17.711020408,261.256
17.716825397,260.902
17.722630385,260.812
17.728435374,260.828
17.734240363,260.857
17.740045351,260.721
17.745850340,260.488
17.751655329,260.325
17.757460317,260.087
17.763265306,259.951
17.769070295,259.71
17.774875283,259.318
17.780680272,258.847
17.786485261,258.432
17.792290249,257.973
17.798095238,257.673
17.803900227,257.622
17.809705215,257.609
17.815510204,257.833
17.821315193,258.263
17.827120181,258.413
17.832925170,258.557
17.838730159,258.399
17.844535147,258.296
17.850340136,258.431
17.856145125,258.598
17.861950113,259.13
17.867755102,259.618
17.873560091,260.283
17.879365079,261.01
17.885170068,261.777
17.890975057,261.901
17.896780045,261.641
17.902585034,261.338
17.908390023,260.37
17.914195011,259.187
17.920000000,257.648
17.925804989,255.82
17.931609977,254.56
17.937414966,0
17.943219955,0
17.949024943,0
17.954829932,0
17.960634921,0
17.966439909,0
17.972244898,0
17.978049887,0
17.983854875,0
17.989659864,0
17.995464853,0
18.001269841,0
18.007074830,0
18.012879819,0
18.018684807,0
18.024489796,0
18.030294785,0
18.036099773,0
18.041904762,0
18.047709751,0
18.053514739,0
18.059319728,0
18.065124717,0
18.070929705,0
18.076734694,0
18.082539683,0
18.088344671,0
18.094149660,0
18.099954649,0
18.105759637,0
18.111564626,0
18.117369615,0
18.123174603,0
18.128979592,0
18.134784580,0
18.140589569,231.098,[1] 
18.146394558,230.516,[1] 
18.152199546,229.331,[1] 
18.158004535,228.957,[1] 
18.163809524,228.644,[1] 
18.169614512,228.77,[1] 
18.175419501,229.421,[1] 
18.181224490,229.764,[1] 
18.187029478,230.164,[1] 
18.192834467,229.92,[1] 
18.198639456,229.015,[1] 
18.204444444,228.443,[1] 
18.210249433,227.73,[1] 
18.216054422,227.122,[1] 
18.221859410,227.012,[1] 
18.227664399,228.048,[1] 
18.233469388,226.836,[1] 
18.239274376,225.801,[1] 
18.245079365,227.232,[1] 
18.250884354,226.4,[1] 
18.256689342,227.246,[1] 
18.262494331,228.815,[1] 
18.268299320,230.03,[1] 
18.274104308,228.703,[1] 
18.279909297,0
18.285714286,0
18.291519274,0
18.297324263,0
18.303129252,0
18.308934240,0
18.314739229,0
18.320544218,0
18.326349206,0
18.332154195,0
18.337959184,0
18.343764172,0
18.349569161,0
18.355374150,0
18.361179138,0
18.366984127,0
18.372789116,0
18.378594104,0
18.384399093,0
18.390204082,0
18.396009070,0
18.401814059,0
18.407619048,0
18.413424036,0
18.419229025,0
18.425034014,0
18.430839002,0
18.436643991,0
18.442448980,0
18.448253968,0
18.454058957,0
18.459863946,0
18.465668934,0
18.471473923,0
18.477278912,0
18.483083900,0
18.488888889,0
18.494693878,0
18.500498866,0
18.506303855,0
18.512108844,0
18.517913832,0
18.523718821,0
18.529523810,0
18.535328798,0
18.541133787,0
18.546938776,0
18.552743764,0
18.558548753,0
18.564353741,0
18.570158730,0
18.575963719,0
18.581768707,0
18.587573696,0
18.593378685,0
18.599183673,0
18.604988662,0
18.610793651,0
18.616598639,0
18.622403628,273.006
18.628208617,276.319
18.634013605,278.319
18.639818594,280.62
18.645623583,283.211
18.651428571,284.859
18.657233560,286.076
18.663038549,286.615
18.668843537,286.79
18.674648526,286.439
18.680453515,285.633
18.686258503,284.626
18.692063492,283.4
18.697868481,282.208
18.703673469,281.197
18.709478458,280.511
18.715283447,279.833
18.721088435,279.501
18.726893424,279.445
18.732698413,279.874
18.738503401,280.249
18.744308390,280.404
18.750113379,280.522
18.755918367,280.517
18.761723356,280.508
18.767528345,280.72
18.773333333,280.814
18.779138322,280.787
18.784943311,280.675
18.790748299,280.428
18.796553288,279.963
18.802358277,279.537
18.808163265,279.172
18.813968254,278.897
18.819773243,278.83
18.825578231,278.715
18.831383220,278.621
18.837188209,278.534
18.842993197,277.994
18.848798186,277.74
18.854603175,276.925
18.860408163,276.576
18.866213152,277.977
18.872018141,278.003
18.877823129,0
18.883628118,0
18.889433107,0
18.895238095,0
18.901043084,0
18.906848073,0
18.912653061,0
18.918458050,0
18.924263039,0
18.930068027,0
18.935873016,0
18.941678005,0
18.947482993,0
18.953287982,0
18.959092971,0
18.964897959,0
18.970702948,0
18.976507937,0
18.982312925,0
18.988117914,0
18.993922902,0
18.999727891,0
19.005532880,0
19.011337868,0
19.017142857,0
19.022947846,0
19.028752834,0
19.034557823,198.522
19.040362812,199.067
19.046167800,198.396
19.051972789,198.129
19.057777778,197.786
19.063582766,197.328
19.069387755,197.126
19.075192744,196.89
19.080997732,196.497
19.086802721,196.325
19.092607710,196.296
19.098412698,196.524
19.104217687,196.833
19.110022676,197.053
19.115827664,197.235
19.121632653,197.242
19.127437642,197.161
19.133242630,196.895
19.139047619,196.846
19.144852608,196.803
19.150657596,196.947
19.156462585,197.448
19.162267574,197.807
19.168072562,198.215
19.173877551,198.382
19.179682540,198.182
19.185487528,197.792
19.191292517,197.081
19.197097506,196.104
19.202902494,195.212
19.208707483,194.078
19.214512472,193.25
19.220317460,192.62
19.226122449,192.34
19.231927438,192.169
19.237732426,192.214
19.243537415,192.313
19.249342404,192.24
19.255147392,192.455
19.260952381,192.35
19.266757370,192.706
19.272562358,192.912
19.278367347,193.615
19.284172336,194.531
19.289977324,195.214
19.295782313,196.326
19.301587302,197.346
19.307392290,198.181
19.313197279,199.184
19.319002268,200.613
19.324807256,201.794
19.330612245,203.286
19.336417234,204.774
19.342222222,206.585
19.348027211,207.66
19.353832200,207.829
19.359637188,207.326
19.365442177,205.931
19.371247166,202.472
19.377052154,200.637
19.382857143,199.967
19.388662132,198.241
19.394467120,196.461
19.400272109,194.975
19.406077098,192.541
19.411882086,191.051
19.417687075,189.074
19.423492063,187.978
19.429297052,187.925
19.435102041,188.456
19.440907029,188.703
19.446712018,188.681
19.452517007,188.957
19.458321995,189.551
19.464126984,190.705
19.469931973,192.288
19.475736961,193.517
19.481541950,195.155
19.487346939,198.359
19.493151927,199.412
19.498956916,201.124
19.504761905,202.792
19.510566893,203.306
19.516371882,204.051
19.522176871,203.851
19.527981859,203.422
19.533786848,202.686
19.539591837,201.853
19.545396825,200.724
19.551201814,198.965
19.557006803,197.626
19.562811791,195.407
19.568616780,195.268
19.574421769,193.936
19.580226757,192.178
19.586031746,190.538
19.591836735,189.057
19.597641723,189.775
19.603446712,191.102
19.609251701,191.511
19.615056689,191.288
19.620861678,190.829
19.626666667,190.412
19.632471655,189.699
19.638276644,190.319
19.644081633,191.26
19.649886621,192.456
19.655691610,0
19.661496599,0
19.667301587,0
19.673106576,0
19.678911565,0
19.684716553,0
19.690521542,0
19.696326531,0
19.702131519,0
19.707936508,0
19.713741497,0
19.719546485,0
19.725351474,0
19.731156463,0
19.736961451,0
19.742766440,0
19.748571429,0
19.754376417,0
19.760181406,0
19.765986395,0
19.771791383,0
19.777596372,0
19.783401361,0
19.789206349,0
19.795011338,0
19.800816327,0
19.806621315,0
19.812426304,0
19.818231293,0
19.824036281,0
19.829841270,0
19.835646259,0
19.841451247,0
19.847256236,0
19.853061224,0
19.858866213,0
19.864671202,0
19.870476190,0
19.876281179,0
19.882086168,0
19.887891156,0
19.893696145,0
19.899501134,0
19.905306122,0
19.911111111,0
19.916916100,0
19.922721088,0
19.928526077,0
19.934331066,0
19.940136054,0
19.945941043,0
19.951746032,0
19.957551020,0
19.963356009,0
19.969160998,0
19.974965986,0
19.980770975,0
19.986575964,0
19.992380952,0
19.998185941,0
20.003990930,0
20.009795918,0
20.015600907,0
20.021405896,0
20.027210884,0
20.033015873,0
20.038820862,0
20.044625850,0
20.050430839,0
20.056235828,0
20.062040816,0
20.067845805,0
20.073650794,0
20.079455782,0
20.085260771,0
20.091065760,0
20.096870748,0
20.102675737,0
20.108480726,0
20.114285714,0
20.120090703,0
20.125895692,0
20.131700680,0
20.137505669,0
20.143310658,0
20.149115646,0
20.154920635,0
20.160725624,0
20.166530612,0
20.172335601,0
20.178140590,0
20.183945578,0
20.189750567,0
20.195555556,0
20.201360544,0
20.207165533,0
20.212970522,0
20.218775510,0
20.224580499,0
20.230385488,0
20.236190476,0
20.241995465,0
20.247800454,0
20.253605442,0
20.259410431,0
20.265215420,0
20.271020408,0
20.276825397,0
20.282630385,0
20.288435374,0
20.294240363,0
20.300045351,0
20.305850340,0
20.311655329,0
20.317460317,0
20.323265306,0
20.329070295,0
20.334875283,0
20.340680272,0
20.346485261,0
20.352290249,0
20.358095238,0
20.363900227,0
20.369705215,0
20.375510204,0
20.381315193,0
20.387120181,0
20.392925170,214.745
20.398730159,215.58
20.404535147,215.769
20.410340136,215.804
20.416145125,215.877
20.421950113,215.901
20.427755102,215.921
20.433560091,215.992
20.439365079,215.971
20.445170068,215.927
20.450975057,215.938
20.456780045,216.061
20.462585034,216.468
20.468390023,216.804
20.474195011,217.283
20.480000000,217.7
20.485804989,218.209
20.491609977,218.522
20.497414966,218.643
20.503219955,218.863
20.509024943,219
20.514829932,219.194
20.520634921,219.505
20.526439909,220.149
20.532244898,220.704
20.538049887,221.408
20.543854875,222.368
20.549659864,223.613
20.555464853,225.383
20.561269841,226.513
20.567074830,227.085
20.572879819,227.647
20.578684807,227.896
20.584489796,227.788
20.590294785,227.892
20.596099773,227.645
20.601904762,227.227
20.607709751,226.9
20.613514739,226.331
20.619319728,225.843
20.625124717,225.976
20.630929705,226.357
20.636734694,226.179
20.642539683,226.379
20.648344671,226.639
20.654149660,226.939
20.659954649,227.105
20.665759637,227.106
20.671564626,226.922
20.677369615,226.692
20.683174603,226.333
20.688979592,226.368
20.694784580,228.205
20.700589569,231.872
20.706394558,232.06
20.712199546,232.103
20.718004535,231.85
20.723809524,231.458
20.729614512,230.879
20.735419501,230.128
20.741224490,229.645
20.747029478,229.219
20.752834467,228.859
20.758639456,228.634
20.764444444,228.449
20.770249433,228.239
20.776054422,228.281
20.781859410,228.184
20.787664399,227.992
20.793469388,227.755
20.799274376,227.212
20.805079365,226.601
20.810884354,226.356
20.816689342,226.157
20.822494331,226.213
20.828299320,226.283
20.834104308,226.452
20.839909297,226.718
20.845714286,227.023
20.851519274,227.022
20.857324263,226.738
20.863129252,226.621
20.868934240,226.206
20.874739229,226.277
20.880544218,226.997
20.886349206,227.896
20.892154195,229.201
20.897959184,229.651
20.903764172,229.566
20.909569161,229.413
20.915374150,228.798
20.921179138,228.438
20.926984127,228.166
20.932789116,227.85
20.938594104,227.885
20.944399093,227.781
20.950204082,227.607
20.956009070,227.33
20.961814059,226.737
20.967619048,226.139
20.973424036,225.263
20.979229025,224.767
20.985034014,224.555
20.990839002,224.179
20.996643991,228.18
21.002448980,228.117
21.008253968,221.965
21.014058957,222.022
21.019863946,221.948
21.025668934,222.285
21.031473923,0
21.037278912,0
21.043083900,0
21.048888889,0
21.054693878,0
21.060498866,0
21.066303855,0
21.072108844,0
21.077913832,0
21.083718821,0
21.089523810,0
21.095328798,0
21.101133787,0
21.106938776,0
21.112743764,0
21.118548753,0
21.124353741,0
21.130158730,0
21.135963719,0
21.141768707,0
21.147573696,0
21.153378685,0
21.159183673,0
21.164988662,0
21.170793651,227.64
21.176598639,227.055
21.182403628,226.395
21.188208617,225.909
21.194013605,225.567
21.199818594,225.339
21.205623583,225.053
21.211428571,224.782
21.217233560,224.188
21.223038549,223.339
21.228843537,222.662
21.234648526,222.073
21.240453515,221.908
21.246258503,221.923
21.252063492,221.827
21.257868481,222.033
21.263673469,222.195
21.269478458,222.377
21.275283447,222.739
21.281088435,222.765
21.286893424,222.87
21.292698413,223.635
21.298503401,223.848
21.304308390,224.384
21.310113379,224.908
21.315918367,224.809
21.321723356,225.172
21.327528345,225.173
21.333333333,224.991
21.339138322,224.991
21.344943311,224.678
21.350748299,224.345
21.356553288,223.905
21.362358277,223.257
21.368163265,222.598
21.373968254,221.771
21.379773243,220.686
21.385578231,219.614
21.391383220,0
21.397188209,0
21.402993197,0
21.408798186,0
21.414603175,0
21.420408163,0
21.426213152,0
21.432018141,0
21.437823129,0
21.443628118,0
21.449433107,0
21.455238095,0
21.461043084,0
21.466848073,0
21.472653061,0
21.478458050,0
21.484263039,0
21.490068027,0
21.495873016,0
21.501678005,0
21.507482993,0
21.513287982,0
21.519092971,0
21.524897959,0
21.530702948,0
21.536507937,0
21.542312925,0
21.548117914,0
21.553922902,0
21.559727891,0
21.565532880,0
21.571337868,0
21.577142857,0
21.582947846,0
21.588752834,0
21.594557823,0
21.600362812,0
21.606167800,0
21.611972789,0
21.617777778,0
21.623582766,0
21.629387755,0
21.635192744,0
21.640997732,0
21.646802721,0
21.652607710,0
21.658412698,0
21.664217687,0
21.670022676,0
21.675827664,0
21.681632653,0
21.687437642,0
21.693242630,0
21.699047619,0
21.704852608,0
21.710657596,0
21.716462585,0
21.722267574,0
21.728072562,0
21.733877551,0
21.739682540,0
21.745487528,0
21.751292517,0
21.757097506,0
21.762902494,0
21.768707483,0
21.774512472,188.026
21.780317460,188.01
21.786122449,187.883
21.791927438,188.17
21.797732426,188.3
21.803537415,188.565
21.809342404,188.765
21.815147392,189.003
21.820952381,189.308
21.826757370,189.715
21.832562358,189.845
21.838367347,189.882
21.844172336,189.563
21.849977324,185.858
21.855782313,185.619
21.861587302,186.941
21.867392290,188.314
21.873197279,188.726
21.879002268,188.447
21.884807256,188.568
21.890612245,187.498
21.896417234,187.019
21.902222222,187.033
21.908027211,186.914
21.913832200,186.873
21.919637188,186.538
21.925442177,186.45
21.931247166,186.781
21.937052154,187.118
21.942857143,187.526
21.948662132,187.836
21.954467120,187.575
21.960272109,187.405
21.966077098,187.121
21.971882086,186.875
21.977687075,187.046
21.983492063,186.898
21.989297052,186.813
21.995102041,186.482
22.000907029,186.095
22.006712018,184.81
22.012517007,184.147
22.018321995,184.148
22.024126984,183.886
22.029931973,185.215
22.035736961,186.69
22.041541950,187.833
22.047346939,189.204
22.053151927,189.75
22.058956916,190.363
22.064761905,190.766
22.070566893,190.812
22.076371882,190.952
22.082176871,190.968
22.087981859,190.799
22.093786848,190.657
22.099591837,190.332
22.105396825,190.236
22.111201814,190.068
22.117006803,190.172
22.122811791,190.37
22.128616780,190.316
22.134421769,190.504
22.140226757,190.486
22.146031746,190.641
22.151836735,190.747
22.157641723,190.785
22.163446712,191.004
22.169251701,191.19
22.175056689,191.67
22.180861678,192.404
22.186666667,193.332
22.192471655,194.365
22.198276644,195.204
22.204081633,195.958
22.209886621,196.839
22.215691610,198.212
22.221496599,199.325
22.227301587,200.016
22.233106576,200.571
22.238911565,200.887
22.244716553,201.116
22.250521542,201.274
22.256326531,201.256
22.262131519,201.166
22.267936508,200.704
22.273741497,200.144
22.279546485,199.258
22.285351474,198.21
22.291156463,196.814
22.296961451,195.357
22.302766440,194.293
22.308571429,193.559
22.314376417,192.99
22.320181406,192.487
22.325986395,192.41
22.331791383,192.385
22.337596372,192.586
22.343401361,193.336
22.349206349,194.478
22.355011338,195.688
22.360816327,196.738
22.366621315,197.311
22.372426304,198.453
22.378231293,199.547
22.384036281,201.074
22.389841270,201.973
22.395646259,202.798
22.401451247,203.301
22.407256236,203.673
22.413061224,203.686
22.418866213,203.343
22.424671202,202.562
22.430476190,201.755
22.436281179,200.947
22.442086168,200.204
22.447891156,198.79
22.453696145,197.486
22.459501134,196.33
22.465306122,195.143
22.471111111,193.869
22.476916100,191.719
22.482721088,190.323
22.488526077,189.268
22.494331066,188.718
22.500136054,188.569
22.505941043,188.719
22.511746032,189.087
22.517551020,189.535
22.523356009,190.246
22.529160998,191.222
22.534965986,192.608
22.540770975,194.654
22.546575964,197.019
22.552380952,198.499
22.558185941,199.48
22.563990930,200.785
22.569795918,202.666
22.575600907,203.841
22.581405896,204.288
22.587210884,204.469
22.593015873,204.54
22.598820862,204.267
22.604625850,203.837
22.610430839,203.337
22.616235828,201.979
22.622040816,199.675
22.627845805,198.181
22.633650794,196.715
22.639455782,195.546
22.645260771,194.305
22.651065760,193.765
22.656870748,194.338
22.662675737,194.494
22.668480726,195.354
22.674285714,196.119
22.680090703,196.643
22.685895692,197.644
22.691700680,198.51
22.697505669,199.109
22.703310658,199.965
22.709115646,200.506
22.714920635,203.174
22.720725624,206.128
22.726530612,207.778
22.732335601,208.633
22.738140590,208.787
22.743945578,208.615
22.749750567,208.008
22.755555556,207.134
22.761360544,206.273
22.767165533,205.198
22.772970522,203.358
22.778775510,201.25
22.784580499,198.746
22.790385488,197.452
22.796190476,196.766
22.801995465,195.726
22.807800454,195.001
22.813605442,194.215
22.819410431,193.543
22.825215420,193.873
22.831020408,194.76
22.836825397,195.806
22.842630385,196.427
22.848435374,196.388
22.854240363,197.37
22.860045351,197.613
22.865850340,198.893
22.871655329,199.869
22.877460317,200.16
22.883265306,201.415
22.889070295,204.085
22.894875283,205.16
22.900680272,205.325
22.906485261,203.143
22.912290249,203.321
22.918095238,201.511
22.923900227,201.247
22.929705215,200.621
22.935510204,200.026
22.941315193,199.031
22.947120181,197.55
22.952925170,196.5
22.958730159,193.94
22.964535147,193.496
22.970340136,193.028