0.116099773,213.834
0.121904762,214.991
0.127709751,214.316
0.133514739,210.21
0.139319728,210.72
0.145124717,211.808
0.150929705,212.993
0.156734694,215.28
0.162539683,217.312
0.168344671,218.275
0.174149660,218.675
0.179954649,218.798
0.185759637,218.563
0.191564626,218.152
0.197369615,217.678
0.203174603,217.463
0.208979592,217.125
0.214784580,216.982
0.220589569,216.963
0.226394558,215.885
0.232199546,215.27
0.238004535,214.17
0.243809524,213.136
0.249614512,0
0.255419501,0
0.261224490,0
0.267029478,0
0.272834467,0
0.278639456,0
0.284444444,0
0.290249433,0
0.296054422,0
0.301859410,0
0.307664399,0
0.313469388,0
0.319274376,0
0.325079365,0
0.330884354,0
0.336689342,0
0.342494331,0
0.348299320,0
0.354104308,0
0.359909297,0
0.365714286,0
0.371519274,0
0.377324263,0
0.383129252,0
0.388934240,0
0.394739229,0
0.400544218,0
0.406349206,0
0.412154195,0
0.417959184,266.172
0.423764172,260.503
0.429569161,257.99
0.435374150,256.248
0.441179138,255.98
0.446984127,256.52
0.452789116,257.958
0.458594104,261.021
0.464399093,265.185
0.470204082,268.249
0.476009070,271.224
0.481814059,274.244
0.487619048,278.342
0.493424036,281.66
0.499229025,285.036
0.505034014,289.712
0.510839002,295.287
0.516643991,300.351
0.522448980,304.412
0.528253968,310.554
0.534058957,318.012
0.539863946,322.65
0.545668934,324.374
0.551473923,325.549
0.557278912,323.828
0.563083900,0
0.568888889,0
0.574693878,0
0.580498866,0
0.586303855,0
0.592108844,0
0.597913832,0
0.603718821,0
0.609523810,0
0.615328798,0
0.621133787,0
0.626938776,0
0.632743764,0
0.638548753,0
0.644353741,0
0.650158730,0
0.655963719,0
0.661768707,0
0.667573696,0
0.673378685,0
0.679183673,0
0.684988662,0
0.690793651,0
0.696598639,0
0.702403628,0
0.708208617,0
0.714013605,319.457
0.719818594,312.66
0.725623583,308.14
0.731428571,306.006
0.737233560,304.552
0.743038549,302.959
0.748843537,302.629
0.754648526,302.482
0.760453515,302.233
0.766258503,301.891
0.772063492,302.076
0.777868481,302.279
0.783673469,302.748
0.789478458,304.403
0.795283447,305.711
0.801088435,306.328
0.806893424,306.971
0.812698413,307.088
0.818503401,307.929
0.824308390,308.747
0.830113379,308.975
0.835918367,307.005
0.841723356,304.454
0.847528345,301.43
0.853333333,299.509
0.859138322,302.855
0.864943311,304.366
0.870748299,306.729
0.876553288,308.389
0.882358277,309.836
0.888163265,310.772
0.893968254,312.432
0.899773243,312.037
0.905578231,311.156
0.911383220,309.965
0.917188209,306.881
0.922993197,304.613
0.928798186,301.499
0.934603175,299.62
0.940408163,296.518
0.946213152,294.484
0.952018141,292.085
0.957823129,289.281
0.963628118,287.452
0.969433107,285.083
0.975238095,281.581
0.981043084,280.069
0.986848073,280.12
0.992653061,282.012
0.998458050,285.443
1.004263039,287.421
1.010068027,287.932
1.015873016,287.162
1.021678005,286.506
1.027482993,285.659
1.033287982,284.872
1.039092971,284.274
1.044897959,283.585
1.050702948,283.125
1.056507937,282.736
1.062312925,282.43
1.068117914,282.091
1.073922902,281.985
1.079727891,281.741
1.085532880,281.58
1.091337868,281.309
1.097142857,281.23
1.102947846,281.431
1.108752834,281.667
1.114557823,282.002
1.120362812,282.126
1.126167800,282.365
1.131972789,282.483
1.137777778,282.722
1.143582766,282.828
1.149387755,282.811
1.155192744,282.718
1.160997732,282.79
1.166802721,282.958
1.172607710,283.116
1.178412698,283.431
1.184217687,283.673
1.190022676,284.358
1.195827664,284.993
1.201632653,285.437
1.207437642,285.457
1.213242630,285.133
1.219047619,284.33
1.224852608,283.419
1.230657596,282.379
1.236462585,281.094
1.242267574,279.454
1.248072562,277.324
1.253877551,274.697
1.259682540,271.311
1.265487528,266.54
1.271292517,262.812
1.277097506,257.893
1.282902494,250.021
1.288707483,243.878
1.294512472,241.946
1.300317460,240.047
1.306122449,237.8
1.311927438,235.74
1.317732426,234.815
1.323537415,234.562
1.329342404,234.872
1.335147392,235.825
1.340952381,236.771
1.346757370,237.64
1.352562358,238.777
1.358367347,240.51
1.364172336,241.919
1.369977324,243.023
1.375782313,243.934
1.381587302,244.621
1.387392290,245.327
1.393197279,245.859
1.399002268,246.254
1.404807256,246.659
1.410612245,246.573
1.416417234,246.567
1.422222222,246.539
1.428027211,246.646
1.433832200,246.832
1.439637188,246.589
1.445442177,245.954
1.451247166,243.944
1.457052154,239.55
1.462857143,231.717
1.468662132,223.083
1.474467120,225.35
1.480272109,227.299
1.486077098,228.005
1.491882086,235.972
1.497687075,245.455
1.503492063,244.881
1.509297052,244.253
1.515102041,246.737
1.520907029,251.621
1.526712018,249.187
1.532517007,247.501
1.538321995,240.807
1.544126984,240.132
1.549931973,250.079
1.555736961,255.077
1.561541950,256.744
1.567346939,256.506
1.573151927,256.88
1.578956916,255.752
1.584761905,254.453
1.590566893,252.831
1.596371882,250.012
1.602176871,246.37
1.607981859,242.415
1.613786848,239.715
1.619591837,238.241
1.625396825,237.412
1.631201814,236.689
1.637006803,238.768
1.642811791,246.941
1.648616780,255.16
1.654421769,257.413
1.660226757,258.774
1.666031746,260.308
1.671836735,260.107
1.677641723,259.353
1.683446712,258.259
1.689251701,257.386
1.695056689,256.6
1.700861678,255.709
1.706666667,255.185
1.712471655,255.01
1.718276644,254.708
1.724081633,253.764
1.729886621,252.742
1.735691610,250.961
1.741496599,249.764
1.747301587,248.086
1.753106576,246.755
1.758911565,245.222
1.764716553,243.859
1.770521542,242.361
1.776326531,240.736
1.782131519,238.968
1.787936508,236.689
1.793741497,232.946
1.799546485,229.979
1.805351474,228.176
1.811156463,227.533
1.816961451,227.701
1.822766440,226.679
1.828571429,225.562
1.834376417,224.339
1.840181406,223.52
1.845986395,222.327
1.851791383,220.92
1.857596372,219.311
1.863401361,216.807
1.869206349,214.424
1.875011338,210.264
1.880816327,206.085
1.886621315,202.418
1.892426304,198.622
1.898231293,197.062
1.904036281,197.298
1.909841270,201.488
1.915646259,206.905
1.921451247,211.621
1.927256236,215.629
1.933061224,218.215
1.938866213,219.587
1.944671202,220.518
1.950476190,220.936
1.956281179,221.28
1.962086168,221.21
1.967891156,220.935
1.973696145,221.075
1.979501134,220.995
1.985306122,220.592
1.991111111,220.175
1.996916100,218.151
2.002721088,214.648
2.008526077,210.853
2.014331066,209.195
2.020136054,210.123
2.025941043,209.477
2.031746032,210.053
2.037551020,211.113
2.043356009,211.833
2.049160998,212.364
2.054965986,212.739
2.060770975,213.116
2.066575964,214.034
2.072380952,215.052
2.078185941,216.532
2.083990930,217.273
2.089795918,217.705
2.095600907,217.585
2.101405896,217.055
2.107210884,216.527
2.113015873,215.755
2.118820862,215.148
2.124625850,214.569
2.130430839,213.842
2.136235828,213.466
2.142040816,212.484
2.147845805,212.063
2.153650794,211.665
2.159455782,211.06
2.165260771,210.697
2.171065760,210.149
2.176870748,209.95
2.182675737,214.88
2.188480726,215.482
2.194285714,217.602
2.200090703,217.989
2.205895692,216.457
2.211700680,216.53
2.217505669,216.35
2.223310658,216.5
2.229115646,216.338
2.234920635,216.431
2.240725624,216.392
2.246530612,216.024
2.252335601,216.215
2.258140590,216.052
2.263945578,216.116
2.269750567,216.569
2.275555556,216.943
2.281360544,217.836
2.287165533,218.682
2.292970522,219.131
2.298775510,219.355
2.304580499,218.968
2.310385488,217.203
2.316190476,214.804
2.321995465,213.316
2.327800454,214.104
2.333605442,215.376
2.339410431,215.896
2.345215420,216.41
2.351020408,217.083
2.356825397,218.152
2.362630385,218.818
2.368435374,219.502
2.374240363,219.877
2.380045351,219.641
2.385850340,220.012
2.391655329,219.78
2.397460317,219.505
2.403265306,222.007
2.409070295,224.155
2.414875283,0
2.420680272,0
2.426485261,0
2.432290249,0
2.438095238,0
2.443900227,0
2.449705215,0
2.455510204,0
2.461315193,0
2.467120181,214.52
2.472925170,211.306
2.478730159,210.164
2.484535147,209.182
2.490340136,207.438
2.496145125,204.034
2.501950113,204.034
2.507755102,204.345
2.513560091,205.042
2.519365079,205.627
2.525170068,205.714
2.530975057,206.219
2.536780045,206.412
2.542585034,206.963
2.548390023,207.917
2.554195011,209.778
2.560000000,212.736
2.565804989,214.205
2.571609977,215.093
2.577414966,215.832
2.583219955,217.525
2.589024943,218.619
2.594829932,219.872
2.600634921,221.093
2.606439909,221.631
2.612244898,221.207
2.618049887,219.663
2.623854875,218.685
2.629659864,219.747
2.635464853,220.242
2.641269841,220.985
2.647074830,221.287
2.652879819,221.582
2.658684807,222.385
2.664489796,223.073
2.670294785,223.826
2.676099773,223.994
2.681904762,223.87
2.687709751,224.075
2.693514739,224.485
2.699319728,225.087
2.705124717,226.31
2.710929705,227.321
2.716734694,228.614
2.722539683,229.835
2.728344671,230.696
2.734149660,231.51
2.739954649,231.687
2.745759637,231.516
2.751564626,231.589
2.757369615,239.918
2.763174603,250.981
2.768979592,262.31
2.774784580,265.775
2.780589569,266.185
2.786394558,266.129
2.792199546,264.542
2.798004535,263
2.803809524,261.221
2.809614512,258.818
2.815419501,257.377
2.821224490,256.016
2.827029478,254.845
2.832834467,253.298
2.838639456,251.786
2.844444444,250.587
2.850249433,249.416
2.856054422,248.933
2.861859410,247.877
2.867664399,246.888
2.873469388,246.877
2.879274376,246.307
2.885079365,247.85
2.890884354,249.32
2.896689342,250.521
2.902494331,251.305
2.908299320,251.265
2.914104308,251.416
2.919909297,251.263
2.925714286,251.023
2.931519274,251.687
2.937324263,251.628
2.943129252,0
2.948934240,0
2.954739229,0
2.960544218,0
2.966349206,0
2.972154195,0
2.977959184,0
2.983764172,0
2.989569161,0
2.995374150,0
3.001179138,0
3.006984127,0
3.012789116,211.549
3.018594104,203.895
3.024399093,211.75
3.030204082,210.793
3.036009070,208.57
3.041814059,207.416
3.047619048,206.036
3.053424036,205.017
3.059229025,204.843
3.065034014,205.075
3.070839002,205.404
3.076643991,206.104
3.082448980,207.112
3.088253968,208.216
3.094058957,209.392
3.099863946,210.687
3.105668934,211.988
3.111473923,213.701
3.117278912,214.779
3.123083900,214.987
3.128888889,214.78
3.134693878,213.839
3.140498866,211.861
3.146303855,211.125
3.152108844,210.014
3.157913832,209.169
3.163718821,208.717
3.169523810,208.354
3.175328798,208.392
3.181133787,208.415
3.186938776,208.349
3.192743764,208.409
3.198548753,208.576
3.204353741,209.349
3.210158730,210.638
3.215963719,212.31
3.221768707,214.226
3.227573696,215.461
3.233378685,216.239
3.239183673,217.344
3.244988662,218.2
3.250793651,219.482
3.256598639,221.007
3.262403628,220.814
3.268208617,219.786
3.274013605,217.683
3.279818594,215.62
3.285623583,214.632
3.291428571,220.883
3.297233560,0
3.303038549,246.681
3.308843537,249.278
3.314648526,250.792
3.320453515,251.35
3.326258503,251.742
3.332063492,251.786
3.337868481,250.897
3.343673469,249.558
3.349478458,248.556
3.355283447,247.754
3.361088435,247.266
3.366893424,247.661
3.372698413,247.848
3.378503401,248.543
3.384308390,248.72
3.390113379,248.77
3.395918367,248.922
3.401723356,248.992
3.407528345,249.407
3.413333333,249.605
3.419138322,249.83
3.424943311,249.921
3.430748299,249.829
3.436553288,249.761
3.442358277,249.645
3.448163265,249.335
3.453968254,248.946
3.459773243,0
3.465578231,0
3.471383220,0
3.477188209,0
3.482993197,0
3.488798186,0
3.494603175,0
3.500408163,0
3.506213152,0
3.512018141,0
3.517823129,0
3.523628118,0
3.529433107,0
3.535238095,0
3.541043084,0
3.546848073,0
3.552653061,0
3.558458050,0
3.564263039,0
3.570068027,0
3.575873016,0
3.581678005,0
3.587482993,0
3.593287982,0
3.599092971,284.058
3.604897959,284.32
3.610702948,288.425
3.616507937,291.561
3.622312925,285.353
3.628117914,282.952
3.633922902,281.442
3.639727891,279.393
3.645532880,278.132
3.651337868,277.541
3.657142857,277.703
3.662947846,278.113
3.668752834,278.457
3.674557823,278.931
3.680362812,279.419
3.686167800,279.231
3.691972789,279.002
3.697777778,278.46
3.703582766,277.873
3.709387755,277.658
3.715192744,277.427
3.720997732,277.459
3.726802721,277.347
3.732607710,277.757
3.738412698,278.308
3.744217687,278.892
3.750022676,280.211
3.755827664,281.593
3.761632653,283.238
3.767437642,285.607
3.773242630,287.18
3.779047619,289.665
3.784852608,294.447
3.790657596,298.425
3.796462585,306.217
3.802267574,0
3.808072562,0
3.813877551,0
3.819682540,0
3.825487528,0
3.831292517,0
3.837097506,0
3.842902494,0
3.848707483,0
3.854512472,0
3.860317460,0
3.866122449,0
3.871927438,0
3.877732426,0
3.883537415,0
3.889342404,0
3.895147392,0
3.900952381,0
3.906757370,0
3.912562358,0
3.918367347,0
3.924172336,0
3.929977324,0
3.935782313,298.001
3.941587302,298.916
3.947392290,297.883
3.953197279,297.178
3.959002268,297.657
3.964807256,298.097
3.970612245,298.737
3.976417234,299.703
3.982222222,300.19
3.988027211,300.588
3.993832200,301.234
3.999637188,302.029
4.005442177,302.293
4.011247166,302.538
4.017052154,302.424
4.022857143,302.697
4.028662132,302.905
4.034467120,302.831
4.040272109,302.877
4.046077098,302.536
4.051882086,302.055
4.057687075,301.622
4.063492063,300.786
4.069297052,300.137
4.075102041,299.303
4.080907029,298.815
4.086712018,298.12
4.092517007,297.461
4.098321995,297.209
4.104126984,296.283
4.109931973,295.6
4.115736961,294.839
4.121541950,293.922
4.127346939,292.869
4.133151927,292.149
4.138956916,291.543
4.144761905,290.943
4.150566893,290.893
4.156371882,290.957
4.162176871,290.844
4.167981859,290.727
4.173786848,290.989
4.179591837,291.24
4.185396825,291.97
4.191201814,292.902
4.197006803,294.081
4.202811791,295.269
4.208616780,296.698
4.214421769,298.343
4.220226757,299.443
4.226031746,300.349
4.231836735,300.759
4.237641723,300.706
4.243446712,300.81
4.249251701,300.345
4.255056689,299.919
4.260861678,299.363
4.266666667,298.767
4.272471655,298.587
4.278276644,297.953
4.284081633,297.71
4.289886621,297.487
4.295691610,297.19
4.301496599,297.104
4.307301587,296.904
4.313106576,296.789
4.318911565,296.747
4.324716553,296.854
4.330521542,296.75
4.336326531,296.472
4.342131519,295.957
4.347936508,295.017
4.353741497,294.702
4.359546485,294.542
4.365351474,294.354
4.371156463,295.271
4.376961451,296.66
4.382766440,297.874
4.388571429,299.173
4.394376417,299.93
4.400181406,300.714
4.405986395,300.71
4.411791383,300.627
4.417596372,299.816
4.423401361,298.578
4.429206349,297.343
4.435011338,296.374
4.440816327,295.943
4.446621315,295.745
4.452426304,295.82
4.458231293,295.77
4.464036281,295.483
4.469841270,294.882
4.475646259,294.207
4.481451247,293.142
4.487256236,291.55
4.493061224,292.997
4.498866213,0
4.504671202,0
4.510476190,0
4.516281179,0
4.522086168,0
4.527891156,0
4.533696145,0
4.539501134,0
4.545306122,0
4.551111111,0
4.556916100,0
4.562721088,0
4.568526077,317.578
4.574331066,315.057
4.580136054,315.512
4.585941043,316.325
4.591746032,316.533
4.597551020,316.626
4.603356009,316.329
4.609160998,315.483
4.614965986,314.698
4.620770975,313.993
4.626575964,313.098
4.632380952,312.24
4.638185941,310.991
4.643990930,309.529
4.649795918,308.319
4.655600907,307.541
4.661405896,306.8
4.667210884,306.165
4.673015873,305.257
4.678820862,304.357
4.684625850,303.362
4.690430839,301.649
4.696235828,297.887
4.702040816,291.471
4.707845805,285.342
4.713650794,280.74
4.719455782,281.52
4.725260771,281.962
4.731065760,281.779
4.736870748,282.244
4.742675737,282.527
4.748480726,282.456
4.754285714,282.342
4.760090703,282.219
4.765895692,281.999
4.771700680,282.2
4.777505669,282.967
4.783310658,284.185
4.789115646,286.732
4.794920635,290.33
4.800725624,296.275
4.806530612,307.707
4.812335601,320.475
4.818140590,321.362
4.823945578,314.879
4.829750567,314.332
4.835555556,0
4.841360544,0
4.847165533,0
4.852970522,0
4.858775510,0
4.864580499,0
4.870385488,0
4.876190476,0
4.881995465,0
4.887800454,0
4.893605442,0
4.899410431,0
4.905215420,0
4.911020408,0
4.916825397,0
4.922630385,0
4.928435374,0
4.934240363,0
4.940045351,0
4.945850340,0
4.951655329,0
4.957460317,0
4.963265306,0
4.969070295,0
4.974875283,0
4.980680272,0
4.986485261,0
4.992290249,0
4.998095238,0
5.003900227,0
5.009705215,0
5.015510204,0
5.021315193,0
5.027120181,0
5.032925170,0
5.038730159,0
5.044535147,0
5.050340136,0
5.056145125,0
5.061950113,0
5.067755102,0
5.073560091,0
5.079365079,0
5.085170068,0
5.090975057,0
5.096780045,0
5.102585034,0
5.108390023,0
5.114195011,0
5.120000000,0
5.125804989,286.58
5.131609977,280.199
5.137414966,275.936
5.143219955,271.791
5.149024943,266.845
5.154829932,261.928
5.160634921,257.493
5.166439909,253.902
5.172244898,255.873
5.178049887,268.174
5.183854875,0
5.189659864,292.743
5.195464853,294.141
5.201269841,295.017
5.207074830,295.119
5.212879819,294.886
5.218684807,295.244
5.224489796,295.62
5.230294785,296.39
5.236099773,297.483
5.241904762,298.515
5.247709751,299.247
5.253514739,299.952
5.259319728,300.243
5.265124717,300.261
5.270929705,300.077
5.276734694,299.482
5.282539683,298.756
5.288344671,297.887
5.294149660,296.887
5.299954649,296.719
5.305759637,296.474
5.311564626,296.917
5.317369615,297.188
5.323174603,297.356
5.328979592,297.284
5.334784580,296.89
5.340589569,296.557
5.346394558,296.066
5.352199546,295.601
5.358004535,295.177
5.363809524,294.649
5.369614512,293.889
5.375419501,293.16
5.381224490,292.812
5.387029478,292.311
5.392834467,292.13
5.398639456,292.028
5.404444444,291.808
5.410249433,292.109
5.416054422,291.986
5.421859410,292.07
5.427664399,292.46
5.433469388,292.476
5.439274376,292.999
5.445079365,293.3
5.450884354,293.42
5.456689342,293.586
5.462494331,293.588
5.468299320,294.215
5.474104308,295.087
5.479909297,296.781
5.485714286,298.672
5.491519274,299.92
5.497324263,300.271
5.503129252,300.557
5.508934240,300.546
5.514739229,300.329
5.520544218,300.282
5.526349206,299.896
5.532154195,299.352
5.537959184,299.053
5.543764172,298.649
5.549569161,297.848
5.555374150,297.114
5.561179138,296.409
5.566984127,296.265
5.572789116,296.355
5.578594104,297.013
5.584399093,297.589
5.590204082,297.977
5.596009070,298.472
5.601814059,298.521
5.607619048,298.428
5.613424036,298.19
5.619229025,297.37
5.625034014,296.378
5.630839002,294.493
5.636643991,290.571
5.642448980,283.652
5.648253968,266.989
5.654058957,267.248
5.659863946,0
5.665668934,294.007
5.671473923,288.664
5.677278912,293.578
5.683083900,293.273
5.688888889,290.957
5.694693878,291.415
5.700498866,290.055
5.706303855,289.102
5.712108844,289.991
5.717913832,287.356
5.723718821,285.784
5.729523810,284.801
5.735328798,281.9
5.741133787,280.649
5.746938776,279.285
5.752743764,276.998
5.758548753,276.385
5.764353741,275.024
5.770158730,0
5.775963719,305.226
5.781768707,301.041
5.787573696,298.698
5.793378685,298.737
5.799183673,297.711
5.804988662,296.511
5.810793651,294.678
5.816598639,292.782
5.822403628,291.279
5.828208617,289.795
5.834013605,288.299
5.839818594,287.053
5.845623583,285.63
5.851428571,283.557
5.857233560,281.388
5.863038549,279.43
5.868843537,276.726
5.874648526,273.976
5.880453515,270.886
5.886258503,267.379
5.892063492,263.966
5.897868481,256.743
5.903673469,253.215
5.909478458,252.345
5.915283447,0
5.921088435,0
5.926893424,0
5.932698413,0
5.938503401,0
5.944308390,0
5.950113379,0
5.955918367,0
5.961723356,0
5.967528345,0
5.973333333,0
5.979138322,0
5.984943311,0
5.990748299,0
5.996553288,0
6.002358277,0
6.008163265,0
6.013968254,0
6.019773243,0
6.025578231,0
6.031383220,0
6.037188209,0
6.042993197,0
6.048798186,0
6.054603175,0
6.060408163,0
6.066213152,0
6.072018141,0
6.077823129,0
6.083628118,0
6.089433107,0
6.095238095,0
6.101043084,0
6.106848073,0
6.112653061,0
6.118458050,0
6.124263039,248.078
6.130068027,253.229
6.135873016,251.065
6.141678005,249.815
6.147482993,248.73
6.153287982,247.328
6.159092971,246.199
6.164897959,245.087
6.170702948,244.528
6.176507937,244.107
6.182312925,243.914
6.188117914,243.689
6.193922902,243.244
6.199727891,242.694
6.205532880,241.091
6.211337868,239.933
6.217142857,237.33
6.222947846,233.999
6.228752834,224.92
6.234557823,215.141
6.240362812,225.285
6.246167800,233.162
6.251972789,0
6.257777778,0
6.263582766,0
6.269387755,0
6.275192744,0
6.280997732,0
6.286802721,233.321
6.292607710,228.39
6.298412698,223.784
6.304217687,220.46
6.310022676,216.847
6.315827664,210.753
6.321632653,206.779
6.327437642,203.615
6.333242630,200.993
6.339047619,198.859
6.344852608,197.597
6.350657596,196.56
6.356462585,196.319
6.362267574,195.172
6.368072562,193.716
6.373877551,192.792
6.379682540,191.185
6.385487528,189.99
6.391292517,192.394
6.397097506,0
6.402902494,0
6.408707483,0
6.414512472,237.828
6.420317460,241.11
6.426122449,241.389
6.431927438,241.044
6.437732426,240.78
6.443537415,240.777
6.449342404,240.004
6.455147392,239.577
6.460952381,238.691
6.466757370,237.817
6.472562358,237.341
6.478367347,237.025
6.484172336,236.768
6.489977324,235.79
6.495782313,235.15
6.501587302,234.267
6.507392290,233.446
6.513197279,233.009
6.519002268,232.655
6.524807256,232.489
6.530612245,232.541
6.536417234,232.787
6.542222222,233.056
6.548027211,233.411
6.553832200,233.536
6.559637188,233.683
6.565442177,233.829
6.571247166,234.197
6.577052154,234.896
6.582857143,235.549
6.588662132,236.153
6.594467120,236.811
6.600272109,237.492
6.606077098,237.984
6.611882086,238.32
6.617687075,238.297
6.623492063,237.78
6.629297052,237.218
6.635102041,236.224
6.640907029,234.738
6.646712018,232.453
6.652517007,228.458
6.658321995,224.236
6.664126984,221.966
6.669931973,220.888
6.675736961,218.467
6.681541950,216.807
6.687346939,214.814
6.693151927,212.453
6.698956916,209.365
6.704761905,207.157
6.710566893,206.07
6.716371882,204.831
6.722176871,204.223
6.727981859,205.158
6.733786848,206.405
6.739591837,209.26
6.745396825,210.953
6.751201814,212.32
6.757006803,213.698
6.762811791,214.557
6.768616780,215.391
6.774421769,216.316
6.780226757,217.015
6.786031746,217.666
6.791836735,218.415
6.797641723,219.436
6.803446712,220.166
6.809251701,220.483
6.815056689,220.411
6.820861678,218.921
6.826666667,219.165
6.832471655,0
6.838276644,0
6.844081633,0
6.849886621,0
6.855691610,0
6.861496599,0
6.867301587,0
6.873106576,0
6.878911565,0
6.884716553,0
6.890521542,0
6.896326531,0
6.902131519,0
6.907936508,0
6.913741497,0
6.919546485,0
6.925351474,0
6.931156463,0
6.936961451,0
6.942766440,0
6.948571429,0
6.954376417,0
6.960181406,0
6.965986395,0
6.971791383,0
6.977596372,0
6.983401361,0
6.989206349,0
6.995011338,0
7.000816327,0
7.006621315,0
7.012426304,0
7.018231293,0
7.024036281,0
7.029841270,217.043
7.035646259,212.423
7.041451247,211.924
7.047256236,211.05
7.053061224,210.512
7.058866213,209.909
7.064671202,209.005
7.070476190,208.869
7.076281179,208.638
7.082086168,208.414
7.087891156,208.063
7.093696145,208.073
7.099501134,208.349
7.105306122,209.066
7.111111111,210.01
7.116916100,211.038
7.122721088,211.657
7.128526077,211.429
7.134331066,211.6
7.140136054,211.4
7.145941043,211.168
7.151746032,211.257
7.157551020,211.159
7.163356009,210.976
7.169160998,210.956
7.174965986,210.867
7.180770975,210.69
7.186575964,210.86
7.192380952,208.318
7.198185941,208.268
7.203990930,0
7.209795918,0
7.215600907,0
7.221405896,0
7.227210884,0
7.233015873,0
7.238820862,0
7.244625850,0
7.250430839,0
7.256235828,0
7.262040816,0
7.267845805,0
7.273650794,0
7.279455782,0
7.285260771,0
7.291065760,0
7.296870748,0
7.302675737,0
7.308480726,0
7.314285714,0
7.320090703,0
7.325895692,0
7.331700680,0
7.337505669,0
7.343310658,220.364
7.349115646,221.251
7.354920635,221.35
7.360725624,220.377
7.366530612,219.711
7.372335601,218.507
7.378140590,217.371
7.383945578,216.069
7.389750567,215.259
7.395555556,214.566
7.401360544,214.015
7.407165533,213.571
7.412970522,213.724
7.418775510,213.975
7.424580499,214.372
7.430385488,214.884
7.436190476,215.039
7.441995465,215.047
7.447800454,215.038
7.453605442,215.257
7.459410431,215.305
7.465215420,215.44
7.471020408,215.386
7.476825397,214.779
7.482630385,214.178
7.488435374,213.346
7.494240363,212.46
7.500045351,211.574
7.505850340,211.976
7.511655329,212.295
7.517460317,212.406
7.523265306,212.668
7.529070295,212.534
7.534875283,212.64
7.540680272,212.594
7.546485261,212.723
7.552290249,213.05
7.558095238,211.51
7.563900227,216.262
7.569705215,224.252
7.575510204,229.842
7.581315193,231.884
7.587120181,233.331
7.592925170,235.944
7.598730159,238.531
7.604535147,241.649
7.610340136,243.499
7.616145125,244.567
7.621950113,244.935
7.627755102,244.981
7.633560091,244.72
7.639365079,244.561
7.645170068,244.295
7.650975057,243.913
7.656780045,243.537
7.662585034,242.81
7.668390023,242.288
7.674195011,241.791
7.680000000,241.186
7.685804989,240.722
7.691609977,240.1
7.697414966,239.034
7.703219955,237.315
7.709024943,239.86
7.714829932,0
7.720634921,0
7.726439909,0
7.732244898,0
7.738049887,0
7.743854875,0
7.749659864,0
7.755464853,0
7.761269841,0
7.767074830,0
7.772879819,0
7.778684807,0
7.784489796,0
7.790294785,0
7.796099773,0
7.801904762,0
7.807709751,213.968
7.813514739,206.084
7.819319728,201.867
7.825124717,197.441
7.830929705,194.099
7.836734694,192.432
7.842539683,190.459
7.848344671,187.954
7.854149660,186.703
7.859954649,187.428
7.865759637,188.298
7.871564626,199.251
7.877369615,200.107
7.883174603,199.948
7.888979592,200.328
7.894784580,200.248
7.900589569,200.691
7.906394558,201.459
7.912199546,202.809
7.918004535,204.224
7.923809524,205.67
7.929614512,206.981
7.935419501,208.418
7.941224490,209.686
7.947029478,210.368
7.952834467,210.902
7.958639456,211.337
7.964444444,212.113
7.970249433,212.918
7.976054422,213.584
7.981859410,214.176
7.987664399,214.615
7.993469388,215.023
7.999274376,215.32
8.005079365,215.376
8.010884354,214.8
8.016689342,211.482
8.022494331,0
8.028299320,0
8.034104308,0
8.039909297,0
8.045714286,0
8.051519274,0
8.057324263,0
8.063129252,0
8.068934240,0
8.074739229,0
8.080544218,0
8.086349206,0
8.092154195,0
8.097959184,241.138
8.103764172,236.918
8.109569161,232.584
8.115374150,230.858
8.121179138,228.998
8.126984127,227.728
8.132789116,227.606
8.138594104,227.337
8.144399093,227.069
8.150204082,226.27
8.156009070,227.48
8.161814059,239.781
8.167619048,243.731
8.173424036,244.958
8.179229025,245.412
8.185034014,245.296
8.190839002,244.327
8.196643991,243.567
8.202448980,241.945
8.208253968,240.607
8.214058957,239.398
8.219863946,238.295
8.225668934,237.855
8.231473923,237.498
8.237278912,237.497
8.243083900,237.297
8.248888889,236.976
8.254693878,236.812
8.260498866,236.673
8.266303855,236.514
8.272108844,236.498
8.277913832,236.998
8.283718821,237.447
8.289523810,238.01
8.295328798,238.874
8.301133787,239.539
8.306938776,240.404
8.312743764,240.636
8.318548753,240.523
8.324353741,240.206
8.330158730,239.472
8.335963719,237.944
8.341768707,235.852
8.347573696,236.115
8.353378685,236.122
8.359183673,236.666
8.364988662,237.39
8.370793651,237.16
8.376598639,238.279
8.382403628,239.479
8.388208617,241.072
8.394013605,242.894
8.399818594,244.885
8.405623583,247.3
8.411428571,249.87
8.417233560,255.293
8.423038549,263.5
8.428843537,270.608
8.434648526,275.772
8.440453515,279.502
8.446258503,279.132
8.452063492,276.467
8.457868481,274.36
8.463673469,272.02
8.469478458,269.884
8.475283447,268.729
8.481088435,268.456
8.486893424,268.486
8.492698413,267.934
8.498503401,267.452
8.504308390,266.48
8.510113379,265.239
8.515918367,264.164
8.521723356,263.238
8.527528345,262.152
8.533333333,261.363
8.539138322,259.847
8.544943311,258.116
8.550748299,258.056
8.556553288,259.014
8.562358277,261.238
8.568163265,263.822
8.573968254,265.702
8.579773243,267.207
8.585578231,268.318
8.591383220,268.935
8.597188209,269.533
8.602993197,270.994
8.608798186,273.176
8.614603175,275.979
8.620408163,280.982
8.626213152,0
8.632018141,0
8.637823129,0
8.643628118,0
8.649433107,0
8.655238095,0
8.661043084,0
8.666848073,0
8.672653061,0
8.678458050,0
8.684263039,0
8.690068027,0
8.695873016,0
8.701678005,0
8.707482993,0
8.713287982,0
8.719092971,0
8.724897959,0
8.730702948,0
8.736507937,0
8.742312925,0
8.748117914,0
8.753922902,269.894
8.759727891,266.661
8.765532880,264.479
8.771337868,262.95
8.777142857,261.315
8.782947846,261.479
8.788752834,260.567
8.794557823,260.703
8.800362812,261.194
8.806167800,261.329
8.811972789,262.295
8.817777778,263.914
8.823582766,265.711
8.829387755,267.694
8.835192744,270.1
8.840997732,273.03
8.846802721,275.512
8.852607710,279.843
8.858412698,283.155
8.864217687,285.986
8.870022676,286.891
8.875827664,288.064
8.881632653,289.803
8.887437642,290.302
8.893242630,290.003
8.899047619,288.838
8.904852608,287.55
8.910657596,285.442
8.916462585,284.056
8.922267574,283.344
8.928072562,282.293
8.933877551,281.914
8.939682540,281.607
8.945487528,281.31
8.951292517,280.893
8.957097506,280.283
8.962902494,279.473
8.968707483,278.546
8.974512472,277.845
8.980317460,277.737
8.986122449,277.68
8.991927438,277.698
8.997732426,277.961
9.003537415,277.938
9.009342404,278.476
9.015147392,278.728
9.020952381,278.382
9.026757370,278.07
9.032562358,277.091
9.038367347,276.163
9.044172336,275.354
9.049977324,274.945
9.055782313,275.261
9.061587302,277.089
9.067392290,280.059
9.073197279,283.471
9.079002268,285.154
9.084807256,286.017
9.090612245,286.015
9.096417234,285.505
9.102222222,286.273
9.108027211,286.696
9.113832200,288.747
9.119637188,290.799
9.125442177,291.983
9.131247166,293.625
9.137052154,294.787
9.142857143,295.309
9.148662132,295.707
9.154467120,295.114
9.160272109,293.722
9.166077098,292.26
9.171882086,290.66
9.177687075,289.349
9.183492063,288.157
9.189297052,286.922
9.195102041,285.93
9.200907029,285.165
9.206712018,284.499
9.212517007,284.007
9.218321995,283.629
9.224126984,283.173
9.229931973,283.287
9.235736961,283.04
9.241541950,282.711
9.247346939,282.979
9.253151927,282.025
9.258956916,282.406
9.264761905,282.236
9.270566893,281.827
9.276371882,283.09
9.282176871,283.401
9.287981859,284.562
9.293786848,285.068
9.299591837,285.407
9.305396825,285.926
9.311201814,285.875
9.317006803,285.179
9.322811791,285.884
9.328616780,285.8
9.334421769,0
9.340226757,0
9.346031746,0
9.351836735,0
9.357641723,0
9.363446712,0
9.369251701,0
9.375056689,0
9.380861678,0
9.386666667,0
9.392471655,0
9.398276644,0
9.404081633,0
9.409886621,0
9.415691610,284.818
9.421496599,282.779
9.427301587,282.78
9.433106576,282.845
9.438911565,282.705
9.444716553,282.892
9.450521542,283.571
9.456326531,284.155
9.462131519,284.955
9.467936508,285.685
9.473741497,285.789
9.479546485,285.753
9.485351474,285.296
9.491156463,284.447
9.496961451,283.895
9.502766440,283.317
9.508571429,283.093
9.514376417,283.362
9.520181406,283.645
9.525986395,284.161
9.531791383,284.592
9.537596372,285.064
9.543401361,285.941
9.549206349,286.593
9.555011338,287.118
9.560816327,287.845
9.566621315,288.261
9.572426304,289.043
9.578231293,289.613
9.584036281,288.889
9.589841270,285.31
9.595646259,281.072
9.601451247,278.223
9.607256236,277.022
9.613061224,277.531
9.618866213,277.201
9.624671202,276.977
9.630476190,276.552
9.636281179,276.019
9.642086168,275.42
9.647891156,274.832
9.653696145,274.413
9.659501134,274.887
9.665306122,276.505
9.671111111,278.971
9.676916100,285.443
9.682721088,300.98
9.688526077,0
9.694331066,0
9.700136054,0
9.705941043,0
9.711746032,0
9.717551020,0
9.723356009,0
9.729160998,0
9.734965986,0
9.740770975,0
9.746575964,0
9.752380952,0
9.758185941,0
9.763990930,0
9.769795918,0
9.775600907,0
9.781405896,0
9.787210884,0
9.793015873,0
9.798820862,0
9.804625850,0
9.810430839,0
9.816235828,0
9.822040816,0
9.827845805,0
9.833650794,0
9.839455782,0
9.845260771,0
9.851065760,0
9.856870748,0
9.862675737,0
9.868480726,0
9.874285714,0
9.880090703,0
9.885895692,0
9.891700680,0
9.897505669,0
9.903310658,0
9.909115646,0
9.914920635,0
9.920725624,0
9.926530612,0
9.932335601,0
9.938140590,0
9.943945578,0
9.949750567,0
9.955555556,0
9.961360544,0
9.967165533,0
9.972970522,0
9.978775510,0
9.984580499,0
9.990385488,0
9.996190476,0
10.001995465,0
10.007800454,0
10.013605442,0
10.019410431,0
10.025215420,0
10.031020408,0
10.036825397,0
10.042630385,0
10.048435374,0
10.054240363,0
10.060045351,0
10.065850340,297.017
10.071655329,297.093
10.077460317,293.53
10.083265306,291.076
10.089070295,286.755
10.094875283,281.68
10.100680272,279.661
10.106485261,278.907
10.112290249,279.989
10.118095238,281.238
10.123900227,282.822
10.129705215,284.154
10.135510204,284.889
10.141315193,285.152
10.147120181,285.103
10.152925170,284.823
10.158730159,284.475
10.164535147,284.103
10.170340136,283.702
10.176145125,283.24
10.181950113,282.734
10.187755102,282.203
10.193560091,281.585
10.199365079,280.996
10.205170068,280.635
10.210975057,280.329
10.216780045,280.066
10.222585034,279.616
10.228390023,279.514
10.234195011,279.284
10.240000000,279.312
10.245804989,279.639
10.251609977,279.862
10.257414966,280.016
10.263219955,280.19
10.269024943,280.27
10.274829932,280.642
10.280634921,281.137
10.286439909,281.966
10.292244898,283.288
10.298049887,284.459
10.303854875,285.91
10.309659864,287.529
10.315464853,288.187
10.321269841,288.283
10.327074830,287.892
10.332879819,287.024
10.338684807,286.007
10.344489796,284.842
10.350294785,283.673
10.356099773,282.642
10.361904762,281.663
10.367709751,280.933
10.373514739,280.643
10.379319728,280.54
10.385124717,280.444
10.390929705,280.456
10.396734694,280.105
10.402539683,279.879
10.408344671,279.43
10.414149660,279.205
10.419954649,279.891
10.425759637,280.864
10.431564626,282.472
10.437369615,284.806
10.443174603,286.849
10.448979592,288.767
10.454784580,290.346
10.460589569,290.82
10.466394558,291.353
10.472199546,291.471
10.478004535,291.232
10.483809524,291.497
10.489614512,291.515
10.495419501,292.641
10.501224490,295.664
10.507029478,300.497
10.512834467,303.167
10.518639456,304.059
10.524444444,301.825
10.530249433,0
10.536054422,0
10.541859410,0
10.547664399,0
10.553469388,0
10.559274376,0
10.565079365,0
10.570884354,0
10.576689342,0
10.582494331,0
10.588299320,0
10.594104308,0
10.599909297,0
10.605714286,0
10.611519274,0
10.617324263,0
10.623129252,0
10.628934240,0
10.634739229,0
10.640544218,0
10.646349206,0
10.652154195,0
10.657959184,0
10.663764172,0
10.669569161,0
10.675374150,0
10.681179138,0
10.686984127,0
10.692789116,0
10.698594104,0
10.704399093,282.757
10.710204082,280.162
10.716009070,280.767
10.721814059,281.768
10.727619048,283.097
10.733424036,284.496
10.739229025,285.533
10.745034014,285.966
10.750839002,285.719
10.756643991,285.347
10.762448980,284.582
10.768253968,283.759
10.774058957,282.696
10.779863946,281.374
10.785668934,280.394
10.791473923,279.332
10.797278912,278.408
10.803083900,277.717
10.808888889,276.945
10.814693878,276.172
10.820498866,275.122
10.826303855,274.328
10.832108844,273.727
10.837913832,273.307
10.843718821,273.057
10.849523810,272.697
10.855328798,272.649
10.861133787,272.602
10.866938776,272.435
10.872743764,272.499
10.878548753,272.63
10.884353741,272.538
10.890158730,272.71
10.895963719,272.735
10.901768707,272.612
10.907573696,272.65
10.913378685,272.531
10.919183673,272.547
10.924988662,272.66
10.930793651,272.826
10.936598639,273.185
10.942403628,273.563
10.948208617,273.866
10.954013605,273.883
10.959818594,273.517
10.965623583,272.953
10.971428571,271.989
10.977233560,270.854
10.983038549,269.519
10.988843537,267.377
10.994648526,264.998
11.000453515,261.773
11.006258503,259.242
11.012063492,256.719
11.017868481,255.665
11.023673469,255.22
11.029478458,255.172
11.035283447,255.278
11.041088435,255.069
11.046893424,256.923
11.052698413,262.189
11.058503401,265.125
11.064308390,265.261
11.070113379,262.507
11.075918367,260.4
11.081723356,258.778
11.087528345,257.358
11.093333333,255.914
11.099138322,253.829
11.104943311,251.153
11.110748299,248.303
11.116553288,248.455
11.122358277,250.986
11.128163265,256.33
11.133968254,261.771
11.139773243,263.283
11.145578231,262.576
11.151383220,260.084
11.157188209,257.594
11.162993197,254.73
11.168798186,252.567
11.174603175,249.903
11.180408163,246.8
11.186213152,243.214
11.192018141,238.398
11.197823129,231.232
11.203628118,218.301
11.209433107,209.07
11.215238095,0
11.221043084,0
11.226848073,0
11.232653061,0
11.238458050,0
11.244263039,0
11.250068027,0
11.255873016,0
11.261678005,0
11.267482993,0
11.273287982,184.863
11.279092971,182.232
11.284897959,181.744
11.290702948,180.256
11.296507937,179.041
11.302312925,170.026
11.308117914,168.768
11.313922902,170.853
11.319727891,0
11.325532880,188.539
11.331337868,192.496
11.337142857,196.079
11.342947846,199.382
11.348752834,201.746
11.354557823,203.337
11.360362812,204.519
11.366167800,206.011
11.371972789,207.245
11.377777778,208.181
11.383582766,209.086
11.389387755,209.672
11.395192744,210.641
11.400997732,210.887
11.406802721,210.994
11.412607710,211.121
11.418412698,210.504
11.424217687,209.999
11.430022676,209.542
11.435827664,209.056
11.441632653,208.892
11.447437642,208.494
11.453242630,207.862
11.459047619,207.48
11.464852608,207.162
11.470657596,206.958
11.476462585,206.785
11.482267574,206.7
11.488072562,206.595
11.493877551,206.509
11.499682540,206.579
11.505487528,206.419
11.511292517,206.094
11.517097506,205.893
11.522902494,205.611
11.528707483,205.593
11.534512472,205.892
11.540317460,206.343
11.546122449,206.917
11.551927438,207.549
11.557732426,208.307
11.563537415,209.468
11.569342404,210.942
11.575147392,212.133
11.580952381,213.262
11.586757370,214.541
11.592562358,215.433
11.598367347,215.586
11.604172336,215.452
11.609977324,215.145
11.615782313,214.027
11.621587302,213.082
11.627392290,211.922
11.633197279,210.465
11.639002268,208.481
11.644807256,207.059
11.650612245,205.687
11.656417234,204.359
11.662222222,202.578
11.668027211,200.907
11.673832200,199.871
11.679637188,199.617
11.685442177,199.245
11.691247166,199.327
11.697052154,199.717
11.702857143,200.219
11.708662132,201.136
11.714467120,201.793
11.720272109,202.402
11.726077098,203.302
11.731882086,204.18
11.737687075,205.432
11.743492063,206.561
11.749297052,207.549
11.755102041,207.832
11.760907029,208.98
11.766712018,210.473
11.772517007,211.061
11.778321995,212.791
11.784126984,214.805
11.789931973,0
11.795736961,0
11.801541950,0
11.807346939,0
11.813151927,0
11.818956916,0
11.824761905,0
11.830566893,0
11.836371882,0
11.842176871,0
11.847981859,0
11.853786848,0
11.859591837,0
11.865396825,0
11.871201814,0
11.877006803,0
11.882811791,0
11.888616780,0
11.894421769,0
11.900226757,0
11.906031746,0
11.911836735,0
11.917641723,0
11.923446712,0
11.929251701,0
11.935056689,0
11.940861678,0
11.946666667,0
11.952471655,0
11.958276644,0
11.964081633,0
11.969886621,0
11.975691610,0
11.981496599,0
11.987301587,0
11.993106576,0
11.998911565,0
12.004716553,0
12.010521542,0
12.016326531,0
12.022131519,0
12.027936508,0
12.033741497,0
12.039546485,0
12.045351474,0
12.051156463,0
12.056961451,0
12.062766440,0
12.068571429,0
12.074376417,0
12.080181406,0
12.085986395,0
12.091791383,0
12.097596372,0
12.103401361,0
12.109206349,0
12.115011338,0
12.120816327,0
12.126621315,0
12.132426304,0
12.138231293,0
12.144036281,0
12.149841270,0
12.155646259,0
12.161451247,0
12.167256236,0
12.173061224,0
12.178866213,0
12.184671202,0
12.190476190,0
12.196281179,0
12.202086168,0
12.207891156,0
12.213696145,0
12.219501134,0
12.225306122,0
12.231111111,0
12.236916100,0
12.242721088,0
12.248526077,0
12.254331066,0
12.260136054,0
12.265941043,0
12.271746032,0
12.277551020,0
12.283356009,0
12.289160998,0
12.294965986,0
12.300770975,0
12.306575964,0
12.312380952,0
12.318185941,0
12.323990930,0
12.329795918,0
12.335600907,0
12.341405896,0
12.347210884,0
12.353015873,0
12.358820862,0
12.364625850,0
12.370430839,0
12.376235828,0
12.382040816,0
12.387845805,258.389
12.393650794,256.851
12.399455782,259.922
12.405260771,262.874
12.411065760,270.862
12.416870748,275.012
12.422675737,277.801
12.428480726,279.479
12.434285714,280.55
12.440090703,281.495
12.445895692,282.222
12.451700680,282.545
12.457505669,283.041
12.463310658,283.276
12.469115646,283.291
12.474920635,283.631
12.480725624,283.551
12.486530612,283.712
12.492335601,284.08
12.498140590,284.111
12.503945578,284.055
12.509750567,283.975
12.515555556,283.925
12.521360544,283.656
12.527165533,283.536
12.532970522,282.919
12.538775510,282.123
12.544580499,281.169
12.550385488,280.126
12.556190476,279.112
12.561995465,278.296
12.567800454,277.696
12.573605442,277.253
12.579410431,278.043
12.585215420,278.587
12.591020408,278.938
12.596825397,278.941
12.602630385,279.079
12.608435374,279.354
12.614240363,280.251
12.620045351,281.874
12.625850340,284.536
12.631655329,285.469
12.637460317,0
12.643265306,0
12.649070295,0
12.654875283,0
12.660680272,0
12.666485261,0
12.672290249,0
12.678095238,0
12.683900227,0
12.689705215,0
12.695510204,320.975
12.701315193,306.391
12.707120181,299.884
12.712925170,295.77
12.718730159,292
12.724535147,290.574
12.730340136,296.227
12.736145125,304.767
12.741950113,309.242
12.747755102,309.513
12.753560091,305.367
12.759365079,298.173
12.765170068,287.825
12.770975057,270.506
12.776780045,258.178
12.782585034,253.044
12.788390023,245.746
12.794195011,238.2
12.800000000,242.06
12.805804989,0
12.811609977,0
12.817414966,288.228
12.823219955,286.718
12.829024943,284.845
12.834829932,280.761
12.840634921,275.022
12.846439909,268.847
12.852244898,264.502
12.858049887,259.21
12.863854875,253.369
12.869659864,248.071
12.875464853,244.68
12.881269841,240.988
12.887074830,239.644
12.892879819,239.354
12.898684807,240.229
12.904489796,242.703
12.910294785,244.108
12.916099773,246.945
12.921904762,248.734
12.927709751,251.015
12.933514739,252.517
12.939319728,254.149
12.945124717,255.045
12.950929705,256.226
12.956734694,257.115
12.962539683,258.148
12.968344671,259.148
12.974149660,260.301
12.979954649,261.27
12.985759637,262.453
12.991564626,263.286
12.997369615,264.698
13.003174603,266.026
13.008979592,268.023
13.014784580,269.58
13.020589569,268.824
13.026394558,266.565
13.032199546,262.59
13.038004535,260.853
13.043809524,262.187
13.049614512,263.54
13.055419501,264.993
13.061224490,266.136
13.067029478,266.827
13.072834467,266.375
13.078639456,265.162
13.084444444,262.905
13.090249433,260.411
13.096054422,257.245
13.101859410,253.633
13.107664399,252.096
13.113469388,257.357
13.119274376,267.456
13.125079365,0
13.130884354,0
13.136689342,0
13.142494331,0
13.148299320,0
13.154104308,0
13.159909297,0
13.165714286,0
13.171519274,0
13.177324263,0
13.183129252,0
13.188934240,0
13.194739229,0
13.200544218,223.071
13.206349206,223.499
13.212154195,224.876
13.217959184,224.806
13.223764172,225.202
13.229569161,225.536
13.235374150,225.376
13.241179138,225.739
13.246984127,226.13
13.252789116,226.705
13.258594104,227.51
13.264399093,228.627
13.270204082,229.388
13.276009070,230.295
13.281814059,231.184
13.287619048,231.974
13.293424036,233.009
13.299229025,234.509
13.305034014,236.041
13.310839002,237.282
13.316643991,238.451
13.322448980,238.996
13.328253968,238.678
13.334058957,238.349
13.339863946,237.142
13.345668934,236.069
13.351473923,235.448
13.357278912,234.976
13.363083900,234.516
13.368888889,233.951
13.374693878,232.627
13.380498866,231.182
13.386303855,229.548
13.392108844,227.699
13.397913832,225.882
13.403718821,223.908
13.409523810,221.987
13.415328798,219.662
13.421133787,217.487
13.426938776,215.555
13.432743764,212.68
13.438548753,208.956
13.444353741,204.613
13.450158730,200.878
13.455963719,197.5
13.461768707,194.319
13.467573696,191.308
13.473378685,188.229
13.479183673,185.927
13.484988662,184.883
13.490793651,184.595
13.496598639,186.003
13.502403628,189.854
13.508208617,193.531
13.514013605,194.954
13.519818594,196.585
13.525623583,197.937
13.531428571,199.463
13.537233560,200.402
13.543038549,201.448
13.548843537,202.529
13.554648526,204.027
13.560453515,205.849
13.566258503,207.613
13.572063492,208.941
13.577868481,209.657
13.583673469,210.409
13.589478458,210.993
13.595283447,211.355
13.601088435,211.787
13.606893424,212.016
13.612698413,212.241
13.618503401,212.183
13.624308390,211.832
13.630113379,211.204
13.635918367,209.82
13.641723356,207.77
13.647528345,206.577
13.653333333,205.76
13.659138322,205.245
13.664943311,204.853
13.670748299,204.714
13.676553288,204.656
13.682358277,204.602
13.688163265,204.579
13.693968254,204.448
13.699773243,204.037
13.705578231,203.678
13.711383220,203.227
13.717188209,203.004
13.722993197,202.927
13.728798186,203.065
13.734603175,203.398
13.740408163,203.667
13.746213152,204.08
13.752018141,204.259
13.757823129,204.526
13.763628118,204.698
13.769433107,204.817
13.775238095,204.773
13.781043084,204.564
13.786848073,204.269
13.792653061,203.897
13.798458050,203.634
13.804263039,203.659
13.810068027,203.763
13.815873016,203.876
13.821678005,204.318
13.827482993,204.544
13.833287982,204.63
13.839092971,204.706
13.844897959,204.416
13.850702948,204.194
13.856507937,203.671
13.862312925,203.691
13.868117914,203.728
13.873922902,203.385
13.879727891,203.596
13.885532880,201.975
13.891337868,199.678
13.897142857,199.389
13.902947846,199.132
13.908752834,199.267
13.914557823,199.489
13.920362812,201.316
13.926167800,203.287
13.931972789,205.937
13.937777778,207.699
13.943582766,211.679
13.949387755,208.968
13.955192744,0
13.960997732,0
13.966802721,0
13.972607710,0
13.978412698,0
13.984217687,0
13.990022676,0
13.995827664,0
14.001632653,0
14.007437642,0
14.013242630,0
14.019047619,0
14.024852608,0
14.030657596,0
14.036462585,0
14.042267574,0
14.048072562,0
14.053877551,0
14.059682540,0
14.065487528,0
14.071292517,0
14.077097506,0
14.082902494,0
14.088707483,0
14.094512472,0
14.100317460,0
14.106122449,0
14.111927438,0
14.117732426,0
14.123537415,0
14.129342404,0
14.135147392,0
14.140952381,0
14.146757370,0
14.152562358,0
14.158367347,0
14.164172336,0
14.169977324,0
14.175782313,0
14.181587302,0
14.187392290,0
14.193197279,0
14.199002268,0
14.204807256,0
14.210612245,0
14.216417234,0
14.222222222,0
14.228027211,0
14.233832200,0
14.239637188,0
14.245442177,0
14.251247166,0
14.257052154,0
14.262857143,0
14.268662132,0
14.274467120,0
14.280272109,0
14.286077098,0
14.291882086,0
14.297687075,199.173
14.303492063,202.892
14.309297052,204.082
14.315102041,204.09
14.320907029,204.208
14.326712018,204.596
14.332517007,205.236
14.338321995,206.529
14.344126984,208.63
14.349931973,210.596
14.355736961,212.323
14.361541950,213.207
14.367346939,213.747
14.373151927,214.027
14.378956916,214.595
14.384761905,214.97
14.390566893,215.476
14.396371882,216.085
14.402176871,216.999
14.407981859,217.866
14.413786848,218.563
14.419591837,218.796
14.425396825,218.945
14.431201814,218.626
14.437006803,218.406
14.442811791,218.286
14.448616780,217.864
14.454421769,217.479
14.460226757,216.711
14.466031746,213.697
14.471836735,200.619
14.477641723,192.781
14.483446712,185.602
14.489251701,183.875
14.495056689,186.509
14.500861678,0
14.506666667,0
14.512471655,0
14.518276644,0
14.524081633,0
14.529886621,0
14.535691610,214.94
14.541496599,216.304
14.547301587,228.976
14.553106576,226.396
14.558911565,226.623
14.564716553,229.032
14.570521542,229.592
14.576326531,229.778
14.582131519,229.567
14.587936508,228.733
14.593741497,227.753
14.599546485,226.887
14.605351474,225.901
14.611156463,225.069
14.616961451,225.138
14.622766440,227.851
14.628571429,234.658
14.634376417,238.88
14.640181406,240.968
14.645986395,241.729
14.651791383,241.412
14.657596372,240.821
14.663401361,239.459
14.669206349,238.502
14.675011338,237.847
14.680816327,237.84
14.686621315,237.911
14.692426304,238.162
14.698231293,238.554
14.704036281,239.125
14.709841270,240.552
14.715646259,241.742
14.721451247,242.678
14.727256236,243.005
14.733061224,243.172
14.738866213,243.167
14.744671202,243.051
14.750476190,242.35
14.756281179,242.014
14.762086168,241.158
14.767891156,239.784
14.773696145,238.544
14.779501134,236.902
14.785306122,235.459
14.791111111,233.353
14.796916100,231.094
14.802721088,226.902
14.808526077,222.537
14.814331066,219.434
14.820136054,217.169
14.825941043,216.338
14.831746032,213.953
14.837551020,212.024
14.843356009,210.169
14.849160998,207.864
14.854965986,204.984
14.860770975,202.441
14.866575964,200.679
14.872380952,199.165
14.878185941,197.766
14.883990930,197.416
14.889795918,197.873
14.895600907,198.532
14.901405896,199.159
14.907210884,198.904
14.913015873,198.932
14.918820862,198.912
14.924625850,198.928
14.930430839,199.354
14.936235828,199.639
14.942040816,200.254
14.947845805,200.765
14.953650794,201.276
14.959455782,201.858
14.965260771,202.25
14.971065760,202.839
14.976870748,203.51
14.982675737,204.282
14.988480726,204.561
14.994285714,204.299
15.000090703,204.029
15.005895692,204.099
15.011700680,204.93
15.017505669,206.97
15.023310658,207.759
15.029115646,208.411
15.034920635,209.017
15.040725624,209.275
15.046530612,209.56
15.052335601,211.058
15.058140590,212.144
15.063945578,213.478
15.069750567,215.275
15.075555556,219.153
15.081360544,0
15.087165533,0
15.092970522,0
15.098775510,0
15.104580499,0
15.110385488,0
15.116190476,0
15.121995465,0
15.127800454,0
15.133605442,0
15.139410431,0
15.145215420,0
15.151020408,0
15.156825397,0
15.162630385,0
15.168435374,0
15.174240363,0
15.180045351,0
15.185850340,0
15.191655329,0
15.197460317,0
15.203265306,0
15.209070295,0
15.214875283,239.788
15.220680272,239.441
15.226485261,237.067
15.232290249,238.425
15.238095238,240.095
15.243900227,242.148
15.249705215,244.272
15.255510204,245.108
15.261315193,245.291
15.267120181,245.318
15.272925170,244.886
15.278730159,245.067
15.284535147,245.575
15.290340136,245.774
15.296145125,246.102
15.301950113,245.799
15.307755102,245.108
15.313560091,244.125
15.319365079,243.271
15.325170068,242.388
15.330975057,241.934
15.336780045,241.596
15.342585034,241.012
15.348390023,240.041
15.354195011,238.988
15.360000000,238.342
15.365804989,238.048
15.371609977,238.431
15.377414966,239.266
15.383219955,240.176
15.389024943,240.919
15.394829932,241.917
15.400634921,242.91
15.406439909,243.29
15.412244898,243.391
15.418049887,242.944
15.423854875,242.203
15.429659864,241.282
15.435464853,239.915
15.441269841,239.556
15.447074830,0
15.452879819,0
15.458684807,0
15.464489796,0
15.470294785,0
15.476099773,0
15.481904762,0
15.487709751,0
15.493514739,0
15.499319728,279.658
15.505124717,276.839
15.510929705,275.705
15.516734694,274.643
15.522539683,273.479
15.528344671,272.748
15.534149660,272.411
15.539954649,271.556
15.545759637,270.357
15.551564626,268.835
15.557369615,266.645
15.563174603,265.04
15.568979592,262.811
15.574784580,261.071
15.580589569,259.82
15.586394558,259.2
15.592199546,258.841
15.598004535,258.851
15.603809524,258.843
15.609614512,258.797
15.615419501,258.687
15.621224490,257.993
15.627029478,255.826
15.632834467,253.53
15.638639456,256.281
15.644444444,260.546
15.650249433,258.428
15.656054422,257.937
15.661859410,259.381
15.667664399,260.924
15.673469388,0
15.679274376,0
15.685079365,0
15.690884354,0
15.696689342,0
15.702494331,0
15.708299320,0
15.714104308,0
15.719909297,0
15.725714286,0
15.731519274,0
15.737324263,0
15.743129252,0
15.748934240,0
15.754739229,292.885
15.760544218,289.874
15.766349206,286.477
15.772154195,287.173
15.777959184,286.795
15.783764172,286.717
15.789569161,287.747
15.795374150,288.439
15.801179138,289.425
15.806984127,290.531
15.812789116,291.598
15.818594104,292.272
15.824399093,292.604
15.830204082,292.636
15.836009070,292.066
15.841814059,290.845
15.847619048,289.569
15.853424036,288.081
15.859229025,286.536
15.865034014,284.691
15.870839002,282.263
15.876643991,279.333
15.882448980,277
15.888253968,275.776
15.894058957,274.919
15.899863946,273.99
15.905668934,272.874
15.911473923,272.098
15.917278912,270.975
15.923083900,270.236
15.928888889,269.667
15.934693878,269.342
15.940498866,269.363
15.946303855,269.603
15.952108844,269.984
15.957913832,270.35
15.963718821,271.207
15.969523810,272.562
15.975328798,273.733
15.981133787,275.458
15.986938776,276.736
15.992743764,278.216
15.998548753,279.736
16.004353741,281.219
16.010158730,282.958
16.010158730,282.958
16.015963719,284.236
16.021768707,285.85
16.027573696,287.089
16.033378685,288.223
16.039183673,289.845
16.044988662,290.933
16.050793651,291.499
16.056598639,291.867
16.062403628,291.565
16.068208617,291.011
16.074013605,290.323
16.079818594,288.873
16.085623583,287.897
16.091428571,286.593
16.097233560,285.39
16.103038549,284.423
16.108843537,284.217
16.114648526,284.462
16.120453515,284.673
16.126258503,284.977
16.132063492,285.265
16.137868481,285.59
16.143673469,285.819
16.149478458,285.928
16.155283447,285.935
16.161088435,285.457
16.166893424,284.719
16.172698413,284.27
16.178503401,283.128
16.184308390,282.335
16.190113379,281.178
16.195918367,279.975
16.201723356,279.168
16.207528345,278.36
16.213333333,278.372
16.219138322,278.677
16.224943311,280.549
16.230748299,283.423
16.236553288,284.824
16.242358277,288.064
16.248163265,283.393
16.259773243,0
16.265578231,0
16.271383220,0
16.277188209,0
16.282993197,0
16.288798186,0
16.294603175,0
16.300408163,0
16.306213152,0
16.312018141,0
16.317823129,0
16.323628118,0
16.329433107,0
16.335238095,0
16.341043084,0
16.346848073,0
16.352653061,0
16.358458050,0
16.364263039,0
16.370068027,0
16.375873016,0
16.381678005,0
16.387482993,0
16.393287982,0
16.399092971,0
16.404897959,0
16.410702948,0
16.416507937,0
16.422312925,0
16.428117914,0
16.433922902,0
16.439727891,0
16.445532880,0
16.451337868,0
16.457142857,0
16.462947846,0
16.468752834,0
16.474557823,0
16.480362812,0
16.486167800,0
16.491972789,0
16.497777778,0
16.503582766,0
16.509387755,0
16.515192744,0
16.520997732,0
16.526802721,0
16.532607710,0
16.538412698,0
16.544217687,0
16.550022676,0
16.555827664,0
16.561632653,0
16.567437642,0
16.573242630,0